event_id,group_id,actor_id,event_type,entity_type,entity_id,entity_name,amount_at_event,event_timestamp
A00001,G001,U023,create,expense,E00289,Internet,79.00,2026-01-15 10:48:26
A00002,G001,U022,create,expense,E00011,Groceries,30.82,2026-01-15 19:57:03
A00003,G003,U013,create,expense,E00143,Internet,85.69,2026-01-17 21:41:34
A00004,G003,U009,create,expense,E00306,Weekly groceries,110.00,2026-01-18 16:56:54
A00005,G003,U006,create,expense,E00307,Weekly groceries,110.00,2026-01-25 10:01:24
A00006,G001,U023,create,expense,E00019,Household items,109.91,2026-01-26 16:23:57
A00007,G003,U021,create,expense,E00140,Takeaway,36.75,2026-01-27 17:45:30
A00008,G001,U024,create,expense,E00014,Takeaway,37.24,2026-01-28 14:16:25
A00009,G003,U021,create,expense,E00131,Internet,56.58,2026-01-28 21:48:35
A00010,G003,U006,create,expense,E00298,Rent,2250.00,2026-01-31 16:53:44
A00011,G003,U006,create,expense,E00308,Weekly groceries,110.00,2026-02-01 13:17:48
A00012,G003,U015,create,expense,E00116,Cleaning supplies,11.22,2026-02-01 18:23:28
A00013,G001,U022,create,expense,E00281,Rent,1800.00,2026-02-01 21:07:06
A00014,G005,U003,create,expense,E00342,Coffee subscription,42.00,2026-02-03 20:20:01
A00015,G001,U021,create,settlement,S0006,Payment to U022,1441.46,2026-02-04 10:33:00
A00016,G001,U009,create,expense,E00047,Cleaning supplies,12.59,2026-02-04 14:49:33
A00017,G005,U009,create,expense,E00254,Birthday cake,51.30,2026-02-05 17:17:40
A00018,G005,U024,create,expense,E00193,Lunch,198.48,2026-02-06 21:31:10
A00019,G003,U009,create,expense,E00129,Internet,72.41,2026-02-07 08:18:31
A00020,G001,U009,create,expense,E00008,Electricity,61.15,2026-02-07 14:17:42
A00021,G003,U013,create,expense,E00309,Weekly groceries,110.00,2026-02-08 15:09:53
A00022,G001,U009,create,settlement,S0004,Payment to U023,18.83,2026-02-09 16:38:56
A00023,G005,U024,create,expense,E00186,Coffee run,30.52,2026-02-10 16:21:29
A00024,G005,U009,create,expense,E00230,Team snacks,74.84,2026-02-11 14:01:33
A00025,G003,U009,create,expense,E00108,Takeaway,52.00,2026-02-12 11:18:27
A00026,G001,U022,create,expense,E00037,Internet,62.85,2026-02-12 22:42:07
A00027,G003,U015,create,expense,E00132,Takeaway,67.63,2026-02-14 08:02:08
A00028,G001,U024,create,expense,E00290,Internet,79.00,2026-02-15 10:49:57
A00029,G003,U013,create,expense,E00310,Weekly groceries,110.00,2026-02-15 13:48:34
A00030,G005,U008,create,expense,E00343,Coffee subscription,42.00,2026-02-17 07:41:46
A00031,G003,U013,create,expense,E00154,Household items,106.83,2026-02-18 07:19:29
A00032,G003,U009,create,settlement,S0035,Payment to U006,3578.27,2026-02-18 15:56:34
A00033,G003,U015,create,expense,E00100,Cleaning supplies,16.72,2026-02-19 17:56:49
A00034,G005,U023,create,expense,E00218,Birthday cake,47.14,2026-02-19 18:29:47
A00035,G001,U024,create,settlement,S0009,Payment to U021,31.26,2026-02-20 15:54:34
A00036,G003,U009,create,expense,E00311,Weekly groceries,110.00,2026-02-22 10:39:55
A00037,G003,U006,delete,expense,E00133,Cleaning supplies,28.18,2026-02-22 13:33:55
A00038,G003,U021,edit,expense,E00311,Weekly groceries,110.00,2026-02-22 15:53:47
A00039,G003,U021,create,expense,E00133,Cleaning supplies,28.18,2026-02-22 17:32:53
A00040,G001,U023,create,expense,E00054,Takeaway,22.57,2026-02-22 21:26:03
A00041,G003,U021,create,settlement,S0046,Payment to U015,32.40,2026-02-23 22:47:12
A00042,G005,U024,create,expense,E00240,Coffee run,43.72,2026-02-24 12:23:56
A00043,G003,U013,create,expense,E00097,Takeaway,56.59,2026-02-24 17:04:21
A00044,G003,U021,edit,expense,E00101,Takeaway,46.37,2026-02-25 11:28:10
A00045,G003,U015,create,expense,E00101,Takeaway,46.37,2026-02-25 14:28:39
A00046,G005,U009,create,expense,E00235,Coffee run,43.63,2026-02-26 18:16:50
A00047,G005,U024,create,expense,E00196,Team snacks,71.73,2026-02-26 18:55:45
A00048,G001,U023,create,settlement,S0008,Payment to U021,127.67,2026-02-27 10:09:27
A00049,G005,U024,create,expense,E00187,Birthday cake,40.67,2026-02-28 12:59:47
A00050,G003,U006,create,expense,E00299,Rent,2250.00,2026-02-28 17:45:47
A00051,G001,U023,create,settlement,S0011,Payment to U022,1494.03,2026-03-01 13:26:35
A00052,G001,U022,create,expense,E00282,Rent,1800.00,2026-03-01 14:00:21
A00053,G005,U011,create,expense,E00229,Coffee run,58.83,2026-03-01 14:37:20
A00054,G003,U021,create,expense,E00312,Weekly groceries,110.00,2026-03-01 14:47:41
A00055,G005,U002,create,expense,E00344,Coffee subscription,42.00,2026-03-03 09:22:59
A00056,G003,U009,create,settlement,S0041,Payment to U013,137.93,2026-03-03 20:22:33
A00057,G003,U015,create,settlement,S0043,Payment to U013,82.87,2026-03-04 09:35:59
A00058,G005,U024,create,settlement,S0084,Payment to U009,49.43,2026-03-04 11:46:15
A00059,G004,U018,create,expense,E00167,Accommodation,680.38,2026-03-05 07:00:34
A00060,G005,U008,edit,expense,E00229,Coffee run,58.83,2026-03-05 19:23:32
A00061,G005,U009,create,expense,E00221,Birthday cake,39.13,2026-03-06 09:10:51
A00062,G005,U013,create,settlement,S0070,Payment to U003,81.55,2026-03-06 13:52:16
A00063,G001,U024,create,settlement,S0013,Payment to U022,1369.48,2026-03-06 15:19:36
A00064,G005,U002,create,expense,E00212,Team snacks,63.98,2026-03-06 22:29:32
A00065,G003,U021,create,settlement,S0040,Payment to U006,3570.38,2026-03-07 14:43:44
A00066,G001,U021,create,expense,E00024,Cleaning supplies,31.22,2026-03-08 13:23:27
A00067,G003,U015,create,expense,E00313,Weekly groceries,110.00,2026-03-08 16:44:42
A00068,G005,U011,create,settlement,S0089,Payment to U024,27.48,2026-03-08 19:19:14
A00069,G005,U003,create,expense,E00208,Team snacks,76.04,2026-03-09 08:59:03
A00070,G001,U021,create,settlement,S0007,Payment to U022,864.87,2026-03-10 13:44:51
A00071,G004,U018,create,expense,E00359,Campsite fund,60.00,2026-03-10 17:31:28
A00072,G005,U011,create,expense,E00197,Birthday cake,32.47,2026-03-11 11:48:50
A00073,G005,U003,create,settlement,S0068,Payment to U009,82.83,2026-03-11 17:50:31
A00074,G004,U011,create,expense,E00166,Activities,347.00,2026-03-11 20:08:53
A00075,G002,U021,create,settlement,S0033,Payment to U018,252.15,2026-03-12 15:11:26
A00076,G004,U023,create,expense,E00156,Accommodation,330.50,2026-03-12 21:14:34
A00077,G005,U013,create,settlement,S0091,Payment to U024,71.07,2026-03-13 07:02:42
A00078,G005,U002,delete,expense,E00208,Team snacks,76.04,2026-03-13 10:05:30
A00079,G001,U009,create,expense,E00006,Groceries,137.47,2026-03-13 13:45:19
A00080,G005,U009,create,expense,E00210,Coffee run,58.84,2026-03-15 09:59:27
A00081,G001,U024,create,expense,E00291,Internet,79.00,2026-03-15 11:31:00
A00082,G005,U008,create,settlement,S0075,Payment to U009,26.75,2026-03-15 12:49:18
A00083,G003,U021,create,expense,E00102,Household items,97.30,2026-03-15 16:49:24
A00084,G003,U009,create,expense,E00314,Weekly groceries,110.00,2026-03-15 19:26:50
A00085,G005,U002,create,settlement,S0062,Payment to U011,26.98,2026-03-16 20:44:48
A00086,G004,U008,create,expense,E00185,Transport,34.60,2026-03-16 21:49:43
A00087,G005,U013,create,expense,E00345,Coffee subscription,42.00,2026-03-17 16:38:05
A00088,G005,U011,create,settlement,S0081,Payment to U009,310.34,2026-03-17 17:20:41
A00089,G004,U018,create,expense,E00180,Activities,100.62,2026-03-17 20:52:52
A00090,G005,U009,create,expense,E00213,Birthday cake,63.67,2026-03-18 07:15:02
A00091,G001,U023,create,settlement,S0015,Payment to U024,5.10,2026-03-18 10:47:14
A00092,G005,U002,create,settlement,S0060,Payment to U003,9.55,2026-03-19 12:35:16
A00093,G001,U024,create,expense,E00002,Electricity,219.57,2026-03-19 12:50:43
A00094,G003,U021,create,settlement,S0045,Payment to U013,39.85,2026-03-19 15:11:47
A00095,G003,U013,create,settlement,S0036,Payment to U006,1695.39,2026-03-19 15:44:28
A00096,G005,U024,create,settlement,S0073,Payment to U003,4.82,2026-03-19 18:01:26
A00097,G005,U009,create,expense,E00233,Birthday cake,54.21,2026-03-20 07:44:36
A00098,G003,U021,create,settlement,S0047,Payment to U015,19.44,2026-03-20 14:55:16
A00099,G003,U021,create,expense,E00098,Household items,55.59,2026-03-20 16:35:24
A00100,G005,U013,create,settlement,S0082,Payment to U009,134.56,2026-03-20 19:17:56
A00101,G003,U021,edit,settlement,S0045,Payment to U013,39.85,2026-03-21 12:11:47
A00102,G005,U002,create,expense,E00214,Birthday cake,66.41,2026-03-21 15:52:04
A00103,G005,U008,create,settlement,S0078,Payment to U013,70.71,2026-03-21 21:40:09
A00104,G003,U013,create,expense,E00315,Weekly groceries,110.00,2026-03-22 08:00:47
A00105,G002,U020,create,settlement,S0028,Payment to U006,209.38,2026-03-22 09:17:49
A00106,G003,U009,create,expense,E00118,Groceries,55.10,2026-03-22 09:28:11
A00107,G002,U006,create,settlement,S0024,Payment to U008,60.49,2026-03-23 22:28:00
A00108,G005,U023,create,settlement,S0092,Payment to U024,68.11,2026-03-23 22:29:55
A00109,G002,U006,create,settlement,S0030,Payment to U021,624.31,2026-03-24 07:47:45
A00110,G001,U009,create,settlement,S0002,Payment to U022,1432.92,2026-03-24 10:27:08
A00111,G001,U021,create,settlement,S0001,Payment to U009,8.96,2026-03-25 19:22:37
A00112,G001,U009,create,settlement,S0005,Payment to U023,11.30,2026-03-25 20:16:12
A00113,G003,U015,create,settlement,S0044,Payment to U013,49.72,2026-03-25 22:20:22
A00114,G005,U024,create,expense,E00190,Coffee run,31.46,2026-03-26 10:22:22
A00115,G005,U023,create,settlement,S0072,Payment to U003,54.18,2026-03-26 18:35:35
A00116,G001,U009,create,expense,E00032,Takeaway,25.64,2026-03-26 20:21:34
A00117,G005,U023,create,settlement,S0083,Payment to U009,27.35,2026-03-26 21:26:10
A00118,G005,U023,create,expense,E00231,Team snacks,75.07,2026-03-27 11:37:45
A00119,G005,U002,create,settlement,S0066,Payment to U024,17.40,2026-03-27 13:09:51
A00120,G003,U009,create,settlement,S0042,Payment to U015,114.37,2026-03-27 15:15:18
A00121,G005,U013,create,settlement,S0063,Payment to U002,26.36,2026-03-28 15:28:11
A00122,G001,U023,create,expense,E00017,Groceries,110.38,2026-03-28 15:32:31
A00123,G001,U022,create,expense,E00013,Takeaway,53.38,2026-03-29 14:25:07
A00124,G003,U006,create,expense,E00139,Electricity,106.47,2026-03-29 15:08:06
A00125,G003,U021,create,expense,E00130,Household items,85.61,2026-03-29 15:46:23
A00126,G001,U024,create,settlement,S0010,Payment to U021,18.75,2026-03-29 18:39:17
A00127,G003,U021,create,expense,E00316,Weekly groceries,110.00,2026-03-29 21:53:14
A00128,G004,U008,create,expense,E00160,Transport,59.93,2026-03-30 08:55:04
A00129,G005,U003,create,expense,E00249,Lunch,90.07,2026-03-30 14:02:29
A00130,G003,U006,create,expense,E00300,Rent,2250.00,2026-03-31 13:12:13
A00131,G005,U024,create,expense,E00346,Coffee subscription,42.00,2026-03-31 19:25:52
A00132,G001,U022,create,expense,E00283,Rent,1800.00,2026-04-01 16:35:33
A00133,G003,U015,create,settlement,S0038,Payment to U006,1719.31,2026-04-01 21:43:29
A00134,G003,U009,create,expense,E00134,Cleaning supplies,34.81,2026-04-01 22:16:41
A00135,G005,U013,create,expense,E00194,Lunch,187.34,2026-04-01 22:35:32
A00136,G005,U011,create,settlement,S0087,Payment to U023,23.68,2026-04-02 08:01:49
A00137,G001,U021,edit,expense,E00283,Rent,1800.00,2026-04-02 14:04:16
A00138,G005,U011,create,settlement,S0090,Payment to U024,16.49,2026-04-02 16:28:40
A00139,G005,U002,create,settlement,S0061,Payment to U009,95.70,2026-04-02 17:23:11
A00140,G003,U009,create,expense,E00126,Internet,77.47,2026-04-02 21:26:30
A00141,G003,U006,create,expense,E00152,Cleaning supplies,33.55,2026-04-03 08:27:22
A00142,G005,U002,edit,settlement,S0061,Payment to U009,95.70,2026-04-04 00:23:11
A00143,G003,U013,create,expense,E00317,Weekly groceries,110.00,2026-04-05 13:49:46
A00144,G003,U013,create,expense,E00127,Internet,76.23,2026-04-05 15:28:15
A00145,G005,U024,create,settlement,S0074,Payment to U003,2.89,2026-04-05 18:55:43
A00146,G001,U024,create,expense,E00049,Groceries,43.06,2026-04-06 22:18:02
A00147,G005,U024,create,expense,E00216,Team snacks,64.37,2026-04-07 07:59:26
A00148,G005,U011,create,settlement,S0069,Payment to U003,64.07,2026-04-07 08:25:06
A00149,G003,U006,create,expense,E00114,Electricity,147.28,2026-04-07 12:44:28
A00150,G001,U024,create,settlement,S0014,Payment to U022,821.68,2026-04-07 19:47:08
A00151,G001,U024,create,expense,E00026,Cleaning supplies,33.71,2026-04-07 20:50:37
A00152,G004,U011,create,settlement,S0055,Payment to U023,89.67,2026-04-08 08:33:51
A00153,G004,U022,create,expense,E00179,Accommodation,275.41,2026-04-08 14:46:40
A00154,G005,U002,create,settlement,S0064,Payment to U023,13.15,2026-04-08 14:52:06
A00155,G004,U008,create,expense,E00360,Campsite fund,60.00,2026-04-10 11:36:36
A00156,G004,U023,create,expense,E00183,Flights,638.45,2026-04-10 19:04:28
A00157,G004,U018,create,expense,E00157,Accommodation,255.10,2026-04-10 20:19:17
A00158,G005,U008,create,expense,E00237,Team snacks,21.20,2026-04-11 09:35:57
A00159,G004,U022,edit,expense,E00157,Accommodation,255.10,2026-04-11 12:11:36
A00160,G002,U003,create,settlement,S0020,Payment to U018,89.56,2026-04-11 20:05:04
A00161,G005,U024,create,expense,E00241,Coffee run,35.06,2026-04-12 11:48:44
A00162,G004,U011,create,settlement,S0048,Payment to U008,26.23,2026-04-12 14:53:39
A00163,G005,U008,create,settlement,S0079,Payment to U023,21.64,2026-04-12 17:26:40
A00164,G003,U013,create,expense,E00318,Weekly groceries,110.00,2026-04-12 21:11:43
A00165,G002,U006,create,settlement,S0026,Payment to U018,20.21,2026-04-13 14:39:10
A00166,G004,U022,create,expense,E00182,Activities,282.41,2026-04-14 07:46:29
A00167,G005,U024,create,expense,E00347,Coffee subscription,42.00,2026-04-14 12:34:14
A00168,G002,U006,create,settlement,S0025,Payment to U008,36.29,2026-04-14 16:12:02
A00169,G004,U011,create,expense,E00181,Activities,82.20,2026-04-14 16:47:44
A00170,G005,U013,create,settlement,S0071,Payment to U003,48.93,2026-04-15 10:28:47
A00171,G005,U013,edit,expense,E00237,Team snacks,21.20,2026-04-15 11:29:32
A00172,G005,U009,create,expense,E00250,Team snacks,62.28,2026-04-15 18:22:10
A00173,G001,U022,create,expense,E00292,Internet,79.00,2026-04-15 20:53:37
A00174,G001,U024,create,expense,E00010,Groceries,53.60,2026-04-15 21:51:55
A00175,G005,U003,create,expense,E00227,Birthday cake,27.74,2026-04-16 07:24:50
A00176,G002,U020,create,settlement,S0034,Payment to U021,232.82,2026-04-16 09:32:18
A00177,G005,U008,create,settlement,S0076,Payment to U009,16.05,2026-04-16 17:43:32
A00178,G002,U008,create,settlement,S0031,Payment to U021,477.93,2026-04-16 18:22:52
A00179,G004,U011,create,settlement,S0053,Payment to U022,42.23,2026-04-17 22:11:48
A00180,G006,U007,create,expense,E00270,Transport,76.16,2026-04-18 09:46:46
A00181,G001,U009,edit,expense,E00010,Groceries,53.60,2026-04-18 12:41:53
A00182,G004,U011,create,expense,E00175,Transport,105.76,2026-04-18 19:45:50
A00183,G003,U009,create,expense,E00117,Takeaway,29.64,2026-04-18 22:33:24
A00184,G005,U011,create,settlement,S0085,Payment to U013,48.00,2026-04-19 09:13:10
A00185,G003,U015,create,expense,E00319,Weekly groceries,110.00,2026-04-19 10:24:02
A00186,G004,U023,create,expense,E00176,Fuel,71.17,2026-04-19 11:05:11
A00187,G002,U020,create,settlement,S0032,Payment to U018,469.70,2026-04-19 13:29:59
A00188,G005,U008,create,settlement,S0077,Payment to U011,55.37,2026-04-19 21:56:05
A00189,G005,U023,edit,expense,E00250,Team snacks,62.28,2026-04-19 22:22:02
A00190,G001,U009,create,settlement,S0003,Payment to U022,859.75,2026-04-19 22:49:14
A00191,G001,U009,delete,expense,E00010,Groceries,53.60,2026-04-20 07:57:49
A00192,G003,U013,create,expense,E00110,Household items,55.62,2026-04-20 08:22:34
A00193,G004,U011,create,settlement,S0052,Payment to U018,385.48,2026-04-20 22:57:56
A00194,G003,U013,create,expense,E00137,Household items,65.23,2026-04-21 16:14:19
A00195,G003,U015,create,expense,E00155,Takeaway,49.69,2026-04-22 08:51:42
A00196,G006,U007,create,expense,E00279,Accommodation,885.50,2026-04-22 16:56:32
A00197,G003,U013,create,settlement,S0037,Payment to U006,1017.23,2026-04-22 22:49:15
A00198,G003,U021,create,expense,E00128,Groceries,58.37,2026-04-23 12:31:32
A00199,G003,U013,edit,settlement,S0037,Payment to U006,1017.23,2026-04-24 06:49:15
A00200,G002,U003,create,settlement,S0018,Payment to U008,59.64,2026-04-24 08:10:24
A00201,G002,U003,edit,settlement,S0018,Payment to U008,59.64,2026-04-24 09:10:24
A00202,G001,U009,create,expense,E00020,Groceries,128.38,2026-04-25 07:11:47
A00203,G001,U023,create,settlement,S0016,Payment to U024,3.06,2026-04-25 12:06:13
A00204,G004,U022,create,settlement,S0057,Payment to U018,546.15,2026-04-25 12:29:07
A00205,G004,U023,create,expense,E00177,Activities,211.97,2026-04-25 19:00:18
A00206,G001,U021,create,expense,E00036,Internet,68.27,2026-04-26 07:47:34
A00207,G005,U011,create,expense,E00234,Lunch,89.13,2026-04-26 09:15:22
A00208,G003,U021,create,expense,E00320,Weekly groceries,110.00,2026-04-26 15:08:10
A00209,G002,U020,create,settlement,S0029,Payment to U006,125.63,2026-04-26 18:42:25
A00210,G002,U020,create,settlement,S0022,Payment to U003,46.23,2026-04-27 19:59:25
A00211,G005,U003,edit,expense,E00348,Coffee subscription,42.00,2026-04-28 13:58:02
A00212,G005,U003,create,expense,E00348,Coffee subscription,42.00,2026-04-28 16:40:09
A00213,G004,U023,create,settlement,S0058,Payment to U018,93.82,2026-04-29 17:44:00
A00214,G005,U003,create,expense,E00188,Coffee run,39.84,2026-04-29 19:01:47
A00215,G001,U021,create,expense,E00034,Cleaning supplies,28.84,2026-04-30 12:53:29
A00216,G003,U006,create,expense,E00301,Rent,2250.00,2026-04-30 16:43:22
A00217,G001,U023,create,settlement,S0012,Payment to U022,896.41,2026-04-30 22:11:23
A00218,G003,U015,create,expense,E00109,Internet,63.42,2026-05-01 07:24:55
A00219,G004,U008,create,settlement,S0050,Payment to U023,88.54,2026-05-01 07:48:54
A00220,G001,U022,create,expense,E00284,Rent,1800.00,2026-05-01 10:02:57
A00221,G002,U006,create,settlement,S0017,Payment to U003,450.43,2026-05-01 17:51:35
A00222,G006,U007,create,expense,E00261,Flights,513.41,2026-05-02 12:31:50
A00223,G003,U013,create,expense,E00321,Weekly groceries,110.00,2026-05-03 07:21:29
A00224,G001,U009,create,expense,E00028,Electricity,167.65,2026-05-03 09:29:26
A00225,G001,U009,create,expense,E00022,Cleaning supplies,22.24,2026-05-04 09:49:17
A00226,G003,U015,edit,expense,E00321,Weekly groceries,110.00,2026-05-04 18:38:45
A00227,G004,U008,create,expense,E00174,Fuel,97.93,2026-05-07 07:40:17
A00228,G005,U011,create,settlement,S0088,Payment to U023,14.20,2026-05-07 09:06:16
A00229,G005,U013,create,expense,E00202,Team snacks,25.60,2026-05-07 10:00:13
A00230,G003,U013,create,expense,E00136,Groceries,46.94,2026-05-07 11:33:13
A00231,G002,U003,create,settlement,S0021,Payment to U018,53.73,2026-05-07 14:23:05
A00232,G004,U022,create,expense,E00163,Meals,69.23,2026-05-08 08:36:55
A00233,G004,U023,create,settlement,S0059,Payment to U018,56.29,2026-05-09 13:24:37
A00234,G005,U013,create,expense,E00204,Lunch,76.51,2026-05-09 21:22:46
A00235,G003,U015,create,expense,E00322,Weekly groceries,110.00,2026-05-10 08:09:59
A00236,G004,U008,create,expense,E00361,Campsite fund,60.00,2026-05-10 20:10:00
A00237,G005,U024,create,expense,E00199,Team snacks,57.67,2026-05-11 07:55:49
A00238,G004,U018,edit,expense,E00184,Transport,122.72,2026-05-11 12:48:32
A00239,G006,U023,create,expense,E00273,Activities,123.18,2026-05-11 15:53:24
A00240,G001,U021,create,expense,E00043,Household items,57.67,2026-05-11 18:30:35
A00241,G004,U011,create,expense,E00184,Transport,122.72,2026-05-11 19:48:21
A00242,G005,U009,create,expense,E00349,Coffee subscription,42.00,2026-05-12 07:35:55
A00243,G004,U011,create,expense,E00164,Flights,216.22,2026-05-13 19:36:53
A00244,G004,U018,create,expense,E00161,Activities,264.53,2026-05-14 10:47:48
A00245,G004,U018,create,expense,E00178,Accommodation,693.63,2026-05-14 15:19:17
A00246,G003,U013,create,expense,E00144,Electricity,196.17,2026-05-14 21:41:16
A00247,G001,U024,create,expense,E00293,Internet,79.00,2026-05-15 12:44:37
A00248,G001,U022,create,expense,E00030,Takeaway,52.52,2026-05-15 12:47:55
A00249,G001,U023,create,expense,E00021,Cleaning supplies,38.08,2026-05-15 22:14:12
A00250,G004,U011,create,settlement,S0056,Payment to U023,53.80,2026-05-15 22:34:02
A00251,G001,U022,create,expense,E00052,Cleaning supplies,35.71,2026-05-16 12:30:33
A00252,G001,U009,delete,expense,E00021,Cleaning supplies,38.08,2026-05-16 20:38:09
A00253,G003,U013,edit,expense,E00144,Electricity,196.17,2026-05-17 09:33:16
A00254,G003,U006,create,expense,E00323,Weekly groceries,110.00,2026-05-17 16:31:50
A00255,G006,U007,create,expense,E00272,Fuel,65.02,2026-05-17 17:22:57
A00256,G003,U013,create,expense,E00146,Electricity,217.07,2026-05-17 21:48:17
A00257,G003,U015,create,settlement,S0039,Payment to U006,1031.58,2026-05-18 07:30:07
A00258,G004,U008,create,settlement,S0049,Payment to U018,642.69,2026-05-19 10:07:58
A00259,G001,U023,create,expense,E00038,Electricity,134.41,2026-05-19 10:37:01
A00260,G001,U024,create,expense,E00004,Cleaning supplies,10.11,2026-05-22 12:34:49
A00261,G003,U009,delete,expense,E00146,Electricity,217.07,2026-05-22 20:23:55
A00262,G003,U013,create,expense,E00105,Cleaning supplies,11.86,2026-05-23 07:20:59
A00263,G001,U021,create,expense,E00012,Groceries,138.31,2026-05-23 08:47:20
A00264,G005,U002,create,settlement,S0067,Payment to U024,10.44,2026-05-23 11:30:51
A00265,G005,U023,create,expense,E00192,Coffee run,40.87,2026-05-23 12:20:53
A00266,G005,U003,create,expense,E00189,Coffee run,35.23,2026-05-24 09:36:06
A00267,G003,U013,create,expense,E00324,Weekly groceries,110.00,2026-05-24 09:50:45
A00268,G005,U011,create,settlement,S0086,Payment to U013,28.80,2026-05-24 10:06:04
A00269,G001,U023,create,expense,E00041,Cleaning supplies,26.27,2026-05-25 21:36:39
A00270,G005,U008,create,expense,E00350,Coffee subscription,42.00,2026-05-26 08:00:36
A00271,G005,U003,create,expense,E00236,Lunch,67.70,2026-05-27 21:04:51
A00272,G003,U021,edit,expense,E00324,Weekly groceries,110.00,2026-05-28 12:08:40
A00273,G006,U011,create,expense,E00277,Activities,56.92,2026-05-28 14:21:17
A00274,G006,U019,create,settlement,S0097,Payment to U011,337.76,2026-05-29 09:28:19
A00275,G004,U011,create,settlement,S0054,Payment to U022,25.33,2026-05-29 15:25:14
A00276,G001,U024,create,expense,E00031,Internet,81.31,2026-05-29 16:15:17
A00277,G004,U008,create,expense,E00165,Activities,242.93,2026-05-30 11:46:34
A00278,G006,U007,create,expense,E00264,Activities,222.49,2026-05-30 17:57:31
A00279,G006,U007,create,expense,E00274,Transport,162.98,2026-05-30 22:51:36
A00280,G006,U011,create,settlement,S0098,Payment to U023,282.22,2026-05-31 11:19:00
A00281,G003,U006,create,expense,E00302,Rent,2250.00,2026-05-31 11:45:41
A00282,G003,U015,create,expense,E00325,Weekly groceries,110.00,2026-05-31 12:33:04
A00283,G005,U008,create,settlement,S0080,Payment to U023,12.98,2026-05-31 19:54:58
A00284,G005,U009,create,expense,E00200,Lunch,176.95,2026-06-01 08:02:06
A00285,G001,U022,create,expense,E00285,Rent,1800.00,2026-06-01 11:52:45
A00286,G002,U003,create,expense,E00075,Fuel,87.77,2026-06-01 13:52:55
A00287,G001,U022,create,expense,E00045,Internet,80.36,2026-06-01 15:02:03
A00288,G006,U011,create,settlement,S0093,Payment to U007,951.92,2026-06-01 21:08:44
A00289,G006,U011,edit,settlement,S0098,Payment to U023,282.22,2026-06-01 22:19:00
A00290,G002,U018,create,expense,E00067,Fuel,102.26,2026-06-02 11:40:06
A00291,G002,U021,create,expense,E00063,Accommodation,184.49,2026-06-02 12:11:05
A00292,G004,U018,create,expense,E00162,Flights,895.63,2026-06-02 19:29:34
A00293,G002,U021,create,expense,E00086,Activities,55.43,2026-06-03 13:48:32
A00294,G005,U002,create,settlement,S0065,Payment to U023,7.89,2026-06-03 15:51:15
A00295,G003,U009,create,expense,E00112,Cleaning supplies,44.62,2026-06-03 17:17:07
A00296,G002,U018,create,expense,E00095,Meals,41.51,2026-06-03 17:38:30
A00297,G002,U020,delete,expense,E00086,Activities,55.43,2026-06-03 19:24:08
A00298,G003,U015,create,expense,E00141,Electricity,60.83,2026-06-04 08:58:49
A00299,G004,U008,create,expense,E00168,Accommodation,162.54,2026-06-04 10:33:09
A00300,G002,U020,create,expense,E00066,Transport,172.87,2026-06-04 19:17:00
A00301,G001,U021,create,expense,E00051,Electricity,186.82,2026-06-04 21:05:38
A00302,G002,U006,create,settlement,S0027,Payment to U018,12.12,2026-06-05 08:23:15
A00303,G002,U021,create,expense,E00084,Fuel,61.40,2026-06-06 09:09:47
A00304,G002,U003,create,expense,E00065,Meals,131.64,2026-06-06 15:29:54
A00305,G002,U008,create,expense,E00059,Transport,187.58,2026-06-07 19:24:42
A00306,G003,U015,create,expense,E00326,Weekly groceries,110.00,2026-06-07 20:34:34
A00307,G002,U006,create,expense,E00064,Transport,129.65,2026-06-08 07:57:51
A00308,G006,U023,create,expense,E00260,Flights,337.37,2026-06-08 09:31:21
A00309,G002,U008,create,expense,E00070,Accommodation,255.57,2026-06-08 15:37:24
A00310,G002,U006,create,expense,E00071,Meals,46.25,2026-06-08 16:41:26
A00311,G002,U018,create,expense,E00077,Flights,214.86,2026-06-08 20:33:07
A00312,G002,U008,create,expense,E00062,Fuel,113.67,2026-06-08 21:10:44
A00313,G005,U009,create,expense,E00228,Birthday cake,49.50,2026-06-08 22:33:22
A00314,G002,U021,create,expense,E00061,Flights,274.83,2026-06-09 08:39:04
A00315,G002,U021,create,expense,E00088,Flights,967.35,2026-06-09 12:08:24
A00316,G005,U008,create,expense,E00351,Coffee subscription,42.00,2026-06-09 16:13:47
A00317,G002,U021,create,expense,E00081,Meals,94.01,2026-06-09 17:42:07
A00318,G002,U018,create,expense,E00056,Flights,909.78,2026-06-10 11:31:59
A00319,G004,U018,create,expense,E00362,Campsite fund,60.00,2026-06-10 20:17:53
A00320,G003,U006,create,expense,E00147,Internet,75.39,2026-06-10 21:19:10
A00321,G002,U006,create,expense,E00072,Accommodation,859.70,2026-06-10 21:23:42
A00322,G006,U007,edit,expense,E00260,Flights,337.37,2026-06-11 14:02:08
A00323,G002,U006,create,expense,E00080,Activities,209.99,2026-06-11 21:25:26
A00324,G002,U020,edit,expense,E00056,Flights,909.78,2026-06-12 08:42:13
A00325,G002,U021,create,expense,E00092,Activities,198.09,2026-06-12 11:48:48
A00326,G002,U018,create,expense,E00069,Activities,311.70,2026-06-12 17:51:07
A00327,G002,U003,create,expense,E00074,Transport,190.85,2026-06-12 21:05:42
A00328,G002,U018,create,expense,E00078,Transport,97.93,2026-06-12 21:41:01
A00329,G002,U003,create,expense,E00089,Flights,700.26,2026-06-12 21:58:04
A00330,G002,U003,create,settlement,S0019,Payment to U008,35.78,2026-06-13 07:51:05
A00331,G002,U018,create,expense,E00091,Flights,635.68,2026-06-13 12:04:32
A00332,G002,U008,create,expense,E00090,Activities,173.08,2026-06-13 18:05:27
A00333,G002,U020,edit,expense,E00072,Accommodation,859.70,2026-06-13 19:22:52
A00334,G002,U018,create,expense,E00073,Fuel,115.68,2026-06-14 08:44:23
A00335,G004,U008,create,settlement,S0051,Payment to U023,53.12,2026-06-14 08:54:30
A00336,G002,U008,create,expense,E00079,Transport,171.75,2026-06-14 09:08:17
A00337,G002,U006,create,expense,E00057,Activities,258.68,2026-06-14 11:55:04
A00338,G002,U008,create,expense,E00082,Fuel,115.29,2026-06-14 13:09:42
A00339,G003,U013,create,expense,E00327,Weekly groceries,110.00,2026-06-14 14:56:13
A00340,G006,U023,create,expense,E00258,Accommodation,316.69,2026-06-14 21:54:07
A00341,G001,U009,create,expense,E00294,Internet,79.00,2026-06-15 10:24:42
A00342,G002,U020,create,settlement,S0023,Payment to U003,27.74,2026-06-15 16:45:38
A00343,G002,U003,create,expense,E00068,Fuel,43.15,2026-06-15 20:11:12
A00344,G002,U003,create,expense,E00060,Fuel,118.47,2026-06-16 11:26:55
A00345,G004,U008,create,expense,E00169,Activities,203.20,2026-06-16 14:19:43
A00346,G005,U024,create,expense,E00203,Coffee run,41.72,2026-06-16 14:24:05
A00347,G002,U020,create,expense,E00085,Accommodation,218.82,2026-06-17 09:56:03
A00348,G001,U022,create,expense,E00025,Household items,111.68,2026-06-17 11:12:26
A00349,G002,U021,create,expense,E00058,Transport,77.88,2026-06-17 17:35:48
A00350,G002,U021,edit,expense,E00090,Activities,173.08,2026-06-17 19:30:58
A00351,G002,U021,create,expense,E00083,Accommodation,412.59,2026-06-18 07:38:59
A00352,G001,U022,create,expense,E00015,Household items,46.50,2026-06-18 15:08:59
A00353,G002,U006,create,expense,E00087,Transport,35.51,2026-06-19 08:00:13
A00354,G002,U003,create,expense,E00094,Meals,149.45,2026-06-19 21:02:03
A00355,G002,U003,create,expense,E00076,Flights,988.64,2026-06-20 12:07:42
A00356,G004,U018,create,expense,E00159,Activities,186.79,2026-06-20 20:26:35
A00357,G006,U023,create,settlement,S0095,Payment to U007,214.85,2026-06-20 20:33:40
A00358,G004,U023,create,expense,E00170,Accommodation,640.30,2026-06-21 09:31:54
A00359,G003,U013,create,expense,E00328,Weekly groceries,110.00,2026-06-21 18:18:13
A00360,G002,U006,create,expense,E00093,Flights,1151.29,2026-06-21 21:04:30
A00361,G006,U019,create,settlement,S0094,Payment to U007,393.16,2026-06-21 21:40:47
A00362,G004,U023,create,expense,E00171,Meals,114.88,2026-06-21 22:17:02
A00363,G006,U007,create,expense,E00266,Accommodation,431.39,2026-06-22 07:03:44
A00364,G001,U009,create,expense,E00042,Internet,56.00,2026-06-23 07:33:12
A00365,G005,U009,create,expense,E00352,Coffee subscription,42.00,2026-06-23 13:26:57
A00366,G005,U009,create,expense,E00195,Lunch,102.86,2026-06-23 16:55:02
A00367,G002,U020,delete,expense,E00076,Flights,988.64,2026-06-24 15:10:46
A00368,G006,U019,create,expense,E00269,Activities,101.92,2026-06-24 22:58:13
A00369,G001,U024,edit,expense,E00042,Internet,56.00,2026-06-25 12:24:41
A00370,G002,U008,delete,expense,E00093,Flights,1151.29,2026-06-25 20:52:09
A00371,G004,U008,edit,expense,E00170,Accommodation,640.30,2026-06-25 22:41:49
A00372,G005,U011,create,expense,E00223,Birthday cake,63.46,2026-06-26 07:03:53
A00373,G001,U023,create,expense,E00044,Cleaning supplies,44.88,2026-06-26 12:12:13
A00374,G001,U024,delete,expense,E00044,Cleaning supplies,44.88,2026-06-26 20:14:51
A00375,G001,U022,create,expense,E00023,Takeaway,47.98,2026-06-26 20:22:46
A00376,G004,U011,create,expense,E00172,Fuel,114.05,2026-06-27 07:13:37
A00377,G003,U015,create,expense,E00124,Takeaway,26.54,2026-06-28 08:52:55
A00378,G004,U018,create,expense,E00158,Activities,312.71,2026-06-28 11:19:24
A00379,G003,U021,create,expense,E00329,Weekly groceries,110.00,2026-06-28 22:35:52
A00380,G003,U006,create,expense,E00303,Rent,2250.00,2026-06-30 12:32:34
A00381,G004,U023,create,expense,E00173,Fuel,105.67,2026-06-30 17:24:48
A00382,G005,U024,create,expense,E00239,Lunch,67.94,2026-06-30 22:12:06
A00383,G001,U022,create,expense,E00040,Internet,57.41,2026-07-01 15:39:51
A00384,G001,U022,create,expense,E00286,Rent,1800.00,2026-07-01 20:06:16
A00385,G001,U009,edit,expense,E00040,Internet,57.41,2026-07-01 20:51:21
A00386,G003,U006,create,expense,E00330,Weekly groceries,110.00,2026-07-05 10:42:22
A00387,G003,U021,create,expense,E00099,Internet,83.46,2026-07-05 12:13:21
A00388,G005,U023,create,expense,E00353,Coffee subscription,42.00,2026-07-07 12:11:14
A00389,G005,U024,create,expense,E00238,Team snacks,55.64,2026-07-11 15:42:18
A00390,G005,U024,create,expense,E00205,Coffee run,56.40,2026-07-11 19:22:27
A00391,G003,U021,create,expense,E00331,Weekly groceries,110.00,2026-07-12 14:02:43
A00392,G005,U003,create,expense,E00245,Lunch,185.85,2026-07-13 10:59:06
A00393,G005,U003,create,expense,E00209,Birthday cake,47.80,2026-07-14 15:05:19
A00394,G003,U009,create,expense,E00138,Household items,36.76,2026-07-14 19:57:25
A00395,G006,U023,create,expense,E00280,Fuel,93.72,2026-07-14 22:45:42
A00396,G003,U006,edit,expense,E00331,Weekly groceries,110.00,2026-07-15 08:41:20
A00397,G001,U023,create,expense,E00295,Internet,79.00,2026-07-15 19:26:38
A00398,G001,U023,create,expense,E00016,Groceries,126.12,2026-07-16 10:56:08
A00399,G005,U003,create,expense,E00219,Lunch,140.87,2026-07-17 15:54:20
A00400,G003,U009,create,expense,E00121,Internet,68.94,2026-07-17 21:29:43
A00401,G006,U007,create,expense,E00275,Flights,811.32,2026-07-18 09:16:41
A00402,G006,U023,create,expense,E00257,Transport,182.71,2026-07-18 12:43:57
A00403,G003,U006,create,expense,E00135,Takeaway,60.43,2026-07-18 14:02:36
A00404,G001,U021,create,expense,E00039,Takeaway,67.41,2026-07-19 08:22:34
A00405,G003,U009,create,expense,E00332,Weekly groceries,110.00,2026-07-19 10:24:16
A00406,G005,U008,create,expense,E00206,Coffee run,26.15,2026-07-19 13:47:25
A00407,G003,U006,edit,expense,E00135,Takeaway,60.43,2026-07-19 15:13:09
A00408,G005,U013,create,expense,E00354,Coffee subscription,42.00,2026-07-21 13:07:11
A00409,G006,U011,create,expense,E00278,Flights,750.50,2026-07-23 09:54:31
A00410,G003,U006,create,expense,E00142,Takeaway,36.26,2026-07-23 12:59:47
A00411,G001,U021,create,expense,E00029,Takeaway,33.61,2026-07-23 14:11:51
A00412,G003,U009,create,expense,E00113,Cleaning supplies,41.13,2026-07-24 09:27:38
A00413,G001,U022,edit,expense,E00039,Takeaway,67.41,2026-07-24 22:43:30
A00414,G003,U013,create,expense,E00333,Weekly groceries,110.00,2026-07-26 07:58:33
A00415,G001,U024,create,expense,E00035,Takeaway,57.39,2026-07-28 11:55:29
A00416,G001,U023,delete,expense,E00029,Takeaway,33.61,2026-07-28 21:38:37
A00417,G001,U021,create,expense,E00001,Electricity,164.87,2026-07-29 20:57:37
A00418,G003,U015,create,expense,E00104,Groceries,57.78,2026-07-29 21:56:22
A00419,G006,U007,create,expense,E00265,Flights,364.88,2026-07-30 10:23:45
A00420,G005,U008,create,expense,E00251,Team snacks,64.94,2026-07-30 14:43:13
A00421,G003,U021,create,expense,E00125,Groceries,134.08,2026-07-31 07:31:56
A00422,G005,U002,create,expense,E00217,Team snacks,58.16,2026-07-31 10:13:33
A00423,G003,U006,create,expense,E00304,Rent,2250.00,2026-07-31 17:45:07
A00424,G001,U022,create,expense,E00287,Rent,1800.00,2026-08-01 13:07:59
A00425,G003,U009,create,expense,E00111,Household items,33.38,2026-08-02 08:20:59
A00426,G003,U021,create,expense,E00122,Electricity,200.47,2026-08-02 11:19:10
A00427,G003,U013,create,expense,E00334,Weekly groceries,110.00,2026-08-02 21:31:02
A00428,G005,U013,create,expense,E00191,Coffee run,51.62,2026-08-03 11:32:24
A00429,G006,U007,delete,expense,E00265,Flights,364.88,2026-08-03 12:30:57
A00430,G006,U011,create,expense,E00256,Meals,68.91,2026-08-03 14:43:34
A00431,G005,U013,create,expense,E00253,Team snacks,62.76,2026-08-04 16:43:33
A00432,G005,U002,create,expense,E00355,Coffee subscription,42.00,2026-08-04 21:41:35
A00433,G003,U015,create,expense,E00120,Groceries,138.29,2026-08-05 11:39:56
A00434,G005,U013,create,expense,E00255,Team snacks,35.67,2026-08-05 11:46:01
A00435,G003,U013,create,expense,E00145,Groceries,109.71,2026-08-05 17:05:25
A00436,G003,U015,create,expense,E00106,Household items,83.25,2026-08-05 21:39:00
A00437,G006,U011,create,expense,E00262,Accommodation,247.05,2026-08-07 13:46:23
A00438,G003,U015,create,expense,E00149,Cleaning supplies,36.51,2026-08-08 18:04:58
A00439,G006,U023,create,settlement,S0096,Payment to U007,128.91,2026-08-09 16:58:22
A00440,G003,U015,create,expense,E00335,Weekly groceries,110.00,2026-08-09 17:32:05
A00441,G003,U013,create,expense,E00119,Cleaning supplies,44.90,2026-08-10 12:50:23
A00442,G003,U013,create,expense,E00096,Groceries,76.81,2026-08-10 14:45:28
A00443,G001,U021,create,expense,E00033,Groceries,48.79,2026-08-11 07:22:19
A00444,G005,U009,create,expense,E00220,Birthday cake,56.53,2026-08-11 10:09:06
A00445,G006,U023,create,expense,E00271,Meals,126.65,2026-08-12 08:54:18
A00446,G003,U015,create,expense,E00103,Cleaning supplies,43.82,2026-08-12 10:45:54
A00447,G005,U023,create,expense,E00211,Lunch,109.49,2026-08-12 12:23:08
A00448,G001,U023,create,expense,E00018,Groceries,35.61,2026-08-12 20:35:00
A00449,G001,U023,create,expense,E00048,Cleaning supplies,20.41,2026-08-15 13:40:13
A00450,G001,U009,create,expense,E00296,Internet,79.00,2026-08-15 15:25:21
A00451,G003,U015,create,expense,E00336,Weekly groceries,110.00,2026-08-16 07:40:04
A00452,G003,U015,create,expense,E00107,Groceries,54.43,2026-08-16 08:15:26
A00453,G005,U024,create,expense,E00243,Coffee run,20.41,2026-08-16 11:02:27
A00454,G005,U008,create,expense,E00356,Coffee subscription,42.00,2026-08-18 15:06:12
A00455,G001,U021,create,expense,E00053,Internet,61.35,2026-08-19 16:42:25
A00456,G001,U024,create,expense,E00007,Household items,83.24,2026-08-20 07:37:35
A00457,G001,U009,create,expense,E00027,Internet,71.27,2026-08-22 17:05:52
A00458,G003,U015,create,expense,E00337,Weekly groceries,110.00,2026-08-23 20:53:06
A00459,G005,U011,create,expense,E00207,Lunch,185.41,2026-08-26 09:33:56
A00460,G001,U022,create,expense,E00050,Household items,44.69,2026-08-28 15:52:09
A00461,G005,U003,create,expense,E00242,Lunch,166.90,2026-08-29 19:57:54
A00462,G003,U009,create,expense,E00338,Weekly groceries,110.00,2026-08-30 09:47:43
A00463,G003,U013,create,expense,E00148,Takeaway,84.62,2026-08-30 18:26:44
A00464,G006,U019,create,expense,E00276,Fuel,109.47,2026-08-30 19:09:53
A00465,G006,U019,create,expense,E00263,Meals,143.53,2026-08-31 18:19:08
A00466,G003,U006,create,expense,E00305,Rent,2250.00,2026-08-31 22:37:36
A00467,G001,U022,create,expense,E00288,Rent,1800.00,2026-09-01 13:29:52
A00468,G005,U024,create,expense,E00357,Coffee subscription,42.00,2026-09-01 17:22:08
A00469,G006,U011,delete,expense,E00263,Meals,143.53,2026-09-01 22:55:30
A00470,G006,U011,edit,expense,E00276,Fuel,109.47,2026-09-01 22:56:38
A00471,G005,U003,create,expense,E00224,Coffee run,20.88,2026-09-02 13:57:41
A00472,G005,U023,create,expense,E00244,Birthday cake,34.09,2026-09-02 17:54:17
A00473,G003,U021,create,expense,E00151,Takeaway,54.22,2026-09-02 20:29:36
A00474,G003,U021,create,expense,E00150,Groceries,120.31,2026-09-03 21:07:43
A00475,G001,U024,create,expense,E00003,Groceries,69.25,2026-09-04 17:07:18
A00476,G006,U023,create,expense,E00267,Transport,85.35,2026-09-05 07:19:26
A00477,G003,U013,create,expense,E00115,Groceries,108.58,2026-09-05 11:54:38
A00478,G003,U009,create,expense,E00339,Weekly groceries,110.00,2026-09-06 17:02:05
A00479,G001,U009,create,expense,E00009,Takeaway,29.26,2026-09-07 10:03:25
A00480,G005,U009,create,expense,E00225,Coffee run,19.14,2026-09-08 22:01:24
A00481,G005,U023,create,expense,E00201,Birthday cake,25.73,2026-09-11 11:56:41
A00482,G005,U008,create,expense,E00248,Team snacks,70.57,2026-09-11 15:46:26
A00483,G005,U009,create,expense,E00222,Lunch,94.40,2026-09-11 15:52:11
A00484,G003,U006,create,expense,E00153,Takeaway,89.59,2026-09-11 19:24:05
A00485,G005,U009,create,expense,E00232,Lunch,195.44,2026-09-12 12:46:27
A00486,G005,U002,create,expense,E00252,Birthday cake,48.10,2026-09-13 14:16:38
A00487,G003,U015,create,expense,E00340,Weekly groceries,110.00,2026-09-13 15:35:04
A00488,G005,U023,create,expense,E00198,Lunch,218.80,2026-09-13 19:31:09
A00489,G003,U021,create,expense,E00123,Household items,38.67,2026-09-14 15:08:40
A00490,G005,U009,create,expense,E00246,Lunch,185.72,2026-09-14 15:25:09
A00491,G001,U022,create,expense,E00005,Groceries,93.88,2026-09-15 09:05:46
A00492,G005,U011,create,expense,E00358,Coffee subscription,42.00,2026-09-15 10:18:39
A00493,G001,U021,create,expense,E00297,Internet,79.00,2026-09-15 11:08:26
A00494,G005,U009,edit,expense,E00246,Lunch,185.72,2026-09-15 19:14:57
A00495,G001,U022,create,expense,E00046,Household items,114.13,2026-09-16 22:07:52
A00496,G005,U009,create,expense,E00247,Birthday cake,26.75,2026-09-19 17:52:50
A00497,G001,U021,create,expense,E00055,Internet,76.79,2026-09-20 10:01:40
A00498,G003,U015,create,expense,E00341,Weekly groceries,110.00,2026-09-20 15:26:24
A00499,G005,U002,create,expense,E00215,Lunch,140.33,2026-09-22 21:00:23
A00500,G006,U007,create,expense,E00259,Fuel,86.69,2026-09-23 19:33:19
A00501,G006,U019,create,expense,E00268,Fuel,81.62,2026-09-24 10:50:06
A00502,G005,U023,create,expense,E00226,Coffee run,30.93,2026-09-24 16:31:26
