date,year,month,month_name,year_month,week_of_year,day_of_week,is_weekend
2026-01-01,2026,1,January,2026-01,1,Thursday,False
2026-01-02,2026,1,January,2026-01,1,Friday,False
2026-01-03,2026,1,January,2026-01,1,Saturday,True
2026-01-04,2026,1,January,2026-01,1,Sunday,True
2026-01-05,2026,1,January,2026-01,2,Monday,False
2026-01-06,2026,1,January,2026-01,2,Tuesday,False
2026-01-07,2026,1,January,2026-01,2,Wednesday,False
2026-01-08,2026,1,January,2026-01,2,Thursday,False
2026-01-09,2026,1,January,2026-01,2,Friday,False
2026-01-10,2026,1,January,2026-01,2,Saturday,True
2026-01-11,2026,1,January,2026-01,2,Sunday,True
2026-01-12,2026,1,January,2026-01,3,Monday,False
2026-01-13,2026,1,January,2026-01,3,Tuesday,False
2026-01-14,2026,1,January,2026-01,3,Wednesday,False
2026-01-15,2026,1,January,2026-01,3,Thursday,False
2026-01-16,2026,1,January,2026-01,3,Friday,False
2026-01-17,2026,1,January,2026-01,3,Saturday,True
2026-01-18,2026,1,January,2026-01,3,Sunday,True
2026-01-19,2026,1,January,2026-01,4,Monday,False
2026-01-20,2026,1,January,2026-01,4,Tuesday,False
2026-01-21,2026,1,January,2026-01,4,Wednesday,False
2026-01-22,2026,1,January,2026-01,4,Thursday,False
2026-01-23,2026,1,January,2026-01,4,Friday,False
2026-01-24,2026,1,January,2026-01,4,Saturday,True
2026-01-25,2026,1,January,2026-01,4,Sunday,True
2026-01-26,2026,1,January,2026-01,5,Monday,False
2026-01-27,2026,1,January,2026-01,5,Tuesday,False
2026-01-28,2026,1,January,2026-01,5,Wednesday,False
2026-01-29,2026,1,January,2026-01,5,Thursday,False
2026-01-30,2026,1,January,2026-01,5,Friday,False
2026-01-31,2026,1,January,2026-01,5,Saturday,True
2026-02-01,2026,2,February,2026-02,5,Sunday,True
2026-02-02,2026,2,February,2026-02,6,Monday,False
2026-02-03,2026,2,February,2026-02,6,Tuesday,False
2026-02-04,2026,2,February,2026-02,6,Wednesday,False
2026-02-05,2026,2,February,2026-02,6,Thursday,False
2026-02-06,2026,2,February,2026-02,6,Friday,False
2026-02-07,2026,2,February,2026-02,6,Saturday,True
2026-02-08,2026,2,February,2026-02,6,Sunday,True
2026-02-09,2026,2,February,2026-02,7,Monday,False
2026-02-10,2026,2,February,2026-02,7,Tuesday,False
2026-02-11,2026,2,February,2026-02,7,Wednesday,False
2026-02-12,2026,2,February,2026-02,7,Thursday,False
2026-02-13,2026,2,February,2026-02,7,Friday,False
2026-02-14,2026,2,February,2026-02,7,Saturday,True
2026-02-15,2026,2,February,2026-02,7,Sunday,True
2026-02-16,2026,2,February,2026-02,8,Monday,False
2026-02-17,2026,2,February,2026-02,8,Tuesday,False
2026-02-18,2026,2,February,2026-02,8,Wednesday,False
2026-02-19,2026,2,February,2026-02,8,Thursday,False
2026-02-20,2026,2,February,2026-02,8,Friday,False
2026-02-21,2026,2,February,2026-02,8,Saturday,True
2026-02-22,2026,2,February,2026-02,8,Sunday,True
2026-02-23,2026,2,February,2026-02,9,Monday,False
2026-02-24,2026,2,February,2026-02,9,Tuesday,False
2026-02-25,2026,2,February,2026-02,9,Wednesday,False
2026-02-26,2026,2,February,2026-02,9,Thursday,False
2026-02-27,2026,2,February,2026-02,9,Friday,False
2026-02-28,2026,2,February,2026-02,9,Saturday,True
2026-03-01,2026,3,March,2026-03,9,Sunday,True
2026-03-02,2026,3,March,2026-03,10,Monday,False
2026-03-03,2026,3,March,2026-03,10,Tuesday,False
2026-03-04,2026,3,March,2026-03,10,Wednesday,False
2026-03-05,2026,3,March,2026-03,10,Thursday,False
2026-03-06,2026,3,March,2026-03,10,Friday,False
2026-03-07,2026,3,March,2026-03,10,Saturday,True
2026-03-08,2026,3,March,2026-03,10,Sunday,True
2026-03-09,2026,3,March,2026-03,11,Monday,False
2026-03-10,2026,3,March,2026-03,11,Tuesday,False
2026-03-11,2026,3,March,2026-03,11,Wednesday,False
2026-03-12,2026,3,March,2026-03,11,Thursday,False
2026-03-13,2026,3,March,2026-03,11,Friday,False
2026-03-14,2026,3,March,2026-03,11,Saturday,True
2026-03-15,2026,3,March,2026-03,11,Sunday,True
2026-03-16,2026,3,March,2026-03,12,Monday,False
2026-03-17,2026,3,March,2026-03,12,Tuesday,False
2026-03-18,2026,3,March,2026-03,12,Wednesday,False
2026-03-19,2026,3,March,2026-03,12,Thursday,False
2026-03-20,2026,3,March,2026-03,12,Friday,False
2026-03-21,2026,3,March,2026-03,12,Saturday,True
2026-03-22,2026,3,March,2026-03,12,Sunday,True
2026-03-23,2026,3,March,2026-03,13,Monday,False
2026-03-24,2026,3,March,2026-03,13,Tuesday,False
2026-03-25,2026,3,March,2026-03,13,Wednesday,False
2026-03-26,2026,3,March,2026-03,13,Thursday,False
2026-03-27,2026,3,March,2026-03,13,Friday,False
2026-03-28,2026,3,March,2026-03,13,Saturday,True
2026-03-29,2026,3,March,2026-03,13,Sunday,True
2026-03-30,2026,3,March,2026-03,14,Monday,False
2026-03-31,2026,3,March,2026-03,14,Tuesday,False
2026-04-01,2026,4,April,2026-04,14,Wednesday,False
2026-04-02,2026,4,April,2026-04,14,Thursday,False
2026-04-03,2026,4,April,2026-04,14,Friday,False
2026-04-04,2026,4,April,2026-04,14,Saturday,True
2026-04-05,2026,4,April,2026-04,14,Sunday,True
2026-04-06,2026,4,April,2026-04,15,Monday,False
2026-04-07,2026,4,April,2026-04,15,Tuesday,False
2026-04-08,2026,4,April,2026-04,15,Wednesday,False
2026-04-09,2026,4,April,2026-04,15,Thursday,False
2026-04-10,2026,4,April,2026-04,15,Friday,False
2026-04-11,2026,4,April,2026-04,15,Saturday,True
2026-04-12,2026,4,April,2026-04,15,Sunday,True
2026-04-13,2026,4,April,2026-04,16,Monday,False
2026-04-14,2026,4,April,2026-04,16,Tuesday,False
2026-04-15,2026,4,April,2026-04,16,Wednesday,False
2026-04-16,2026,4,April,2026-04,16,Thursday,False
2026-04-17,2026,4,April,2026-04,16,Friday,False
2026-04-18,2026,4,April,2026-04,16,Saturday,True
2026-04-19,2026,4,April,2026-04,16,Sunday,True
2026-04-20,2026,4,April,2026-04,17,Monday,False
2026-04-21,2026,4,April,2026-04,17,Tuesday,False
2026-04-22,2026,4,April,2026-04,17,Wednesday,False
2026-04-23,2026,4,April,2026-04,17,Thursday,False
2026-04-24,2026,4,April,2026-04,17,Friday,False
2026-04-25,2026,4,April,2026-04,17,Saturday,True
2026-04-26,2026,4,April,2026-04,17,Sunday,True
2026-04-27,2026,4,April,2026-04,18,Monday,False
2026-04-28,2026,4,April,2026-04,18,Tuesday,False
2026-04-29,2026,4,April,2026-04,18,Wednesday,False
2026-04-30,2026,4,April,2026-04,18,Thursday,False
2026-05-01,2026,5,May,2026-05,18,Friday,False
2026-05-02,2026,5,May,2026-05,18,Saturday,True
2026-05-03,2026,5,May,2026-05,18,Sunday,True
2026-05-04,2026,5,May,2026-05,19,Monday,False
2026-05-05,2026,5,May,2026-05,19,Tuesday,False
2026-05-06,2026,5,May,2026-05,19,Wednesday,False
2026-05-07,2026,5,May,2026-05,19,Thursday,False
2026-05-08,2026,5,May,2026-05,19,Friday,False
2026-05-09,2026,5,May,2026-05,19,Saturday,True
2026-05-10,2026,5,May,2026-05,19,Sunday,True
2026-05-11,2026,5,May,2026-05,20,Monday,False
2026-05-12,2026,5,May,2026-05,20,Tuesday,False
2026-05-13,2026,5,May,2026-05,20,Wednesday,False
2026-05-14,2026,5,May,2026-05,20,Thursday,False
2026-05-15,2026,5,May,2026-05,20,Friday,False
2026-05-16,2026,5,May,2026-05,20,Saturday,True
2026-05-17,2026,5,May,2026-05,20,Sunday,True
2026-05-18,2026,5,May,2026-05,21,Monday,False
2026-05-19,2026,5,May,2026-05,21,Tuesday,False
2026-05-20,2026,5,May,2026-05,21,Wednesday,False
2026-05-21,2026,5,May,2026-05,21,Thursday,False
2026-05-22,2026,5,May,2026-05,21,Friday,False
2026-05-23,2026,5,May,2026-05,21,Saturday,True
2026-05-24,2026,5,May,2026-05,21,Sunday,True
2026-05-25,2026,5,May,2026-05,22,Monday,False
2026-05-26,2026,5,May,2026-05,22,Tuesday,False
2026-05-27,2026,5,May,2026-05,22,Wednesday,False
2026-05-28,2026,5,May,2026-05,22,Thursday,False
2026-05-29,2026,5,May,2026-05,22,Friday,False
2026-05-30,2026,5,May,2026-05,22,Saturday,True
2026-05-31,2026,5,May,2026-05,22,Sunday,True
2026-06-01,2026,6,June,2026-06,23,Monday,False
2026-06-02,2026,6,June,2026-06,23,Tuesday,False
2026-06-03,2026,6,June,2026-06,23,Wednesday,False
2026-06-04,2026,6,June,2026-06,23,Thursday,False
2026-06-05,2026,6,June,2026-06,23,Friday,False
2026-06-06,2026,6,June,2026-06,23,Saturday,True
2026-06-07,2026,6,June,2026-06,23,Sunday,True
2026-06-08,2026,6,June,2026-06,24,Monday,False
2026-06-09,2026,6,June,2026-06,24,Tuesday,False
2026-06-10,2026,6,June,2026-06,24,Wednesday,False
2026-06-11,2026,6,June,2026-06,24,Thursday,False
2026-06-12,2026,6,June,2026-06,24,Friday,False
2026-06-13,2026,6,June,2026-06,24,Saturday,True
2026-06-14,2026,6,June,2026-06,24,Sunday,True
2026-06-15,2026,6,June,2026-06,25,Monday,False
2026-06-16,2026,6,June,2026-06,25,Tuesday,False
2026-06-17,2026,6,June,2026-06,25,Wednesday,False
2026-06-18,2026,6,June,2026-06,25,Thursday,False
2026-06-19,2026,6,June,2026-06,25,Friday,False
2026-06-20,2026,6,June,2026-06,25,Saturday,True
2026-06-21,2026,6,June,2026-06,25,Sunday,True
2026-06-22,2026,6,June,2026-06,26,Monday,False
2026-06-23,2026,6,June,2026-06,26,Tuesday,False
2026-06-24,2026,6,June,2026-06,26,Wednesday,False
2026-06-25,2026,6,June,2026-06,26,Thursday,False
2026-06-26,2026,6,June,2026-06,26,Friday,False
2026-06-27,2026,6,June,2026-06,26,Saturday,True
2026-06-28,2026,6,June,2026-06,26,Sunday,True
2026-06-29,2026,6,June,2026-06,27,Monday,False
2026-06-30,2026,6,June,2026-06,27,Tuesday,False
2026-07-01,2026,7,July,2026-07,27,Wednesday,False
2026-07-02,2026,7,July,2026-07,27,Thursday,False
2026-07-03,2026,7,July,2026-07,27,Friday,False
2026-07-04,2026,7,July,2026-07,27,Saturday,True
2026-07-05,2026,7,July,2026-07,27,Sunday,True
2026-07-06,2026,7,July,2026-07,28,Monday,False
2026-07-07,2026,7,July,2026-07,28,Tuesday,False
2026-07-08,2026,7,July,2026-07,28,Wednesday,False
2026-07-09,2026,7,July,2026-07,28,Thursday,False
2026-07-10,2026,7,July,2026-07,28,Friday,False
2026-07-11,2026,7,July,2026-07,28,Saturday,True
2026-07-12,2026,7,July,2026-07,28,Sunday,True
2026-07-13,2026,7,July,2026-07,29,Monday,False
2026-07-14,2026,7,July,2026-07,29,Tuesday,False
2026-07-15,2026,7,July,2026-07,29,Wednesday,False
2026-07-16,2026,7,July,2026-07,29,Thursday,False
2026-07-17,2026,7,July,2026-07,29,Friday,False
2026-07-18,2026,7,July,2026-07,29,Saturday,True
2026-07-19,2026,7,July,2026-07,29,Sunday,True
2026-07-20,2026,7,July,2026-07,30,Monday,False
2026-07-21,2026,7,July,2026-07,30,Tuesday,False
2026-07-22,2026,7,July,2026-07,30,Wednesday,False
2026-07-23,2026,7,July,2026-07,30,Thursday,False
2026-07-24,2026,7,July,2026-07,30,Friday,False
2026-07-25,2026,7,July,2026-07,30,Saturday,True
2026-07-26,2026,7,July,2026-07,30,Sunday,True
2026-07-27,2026,7,July,2026-07,31,Monday,False
2026-07-28,2026,7,July,2026-07,31,Tuesday,False
2026-07-29,2026,7,July,2026-07,31,Wednesday,False
2026-07-30,2026,7,July,2026-07,31,Thursday,False
2026-07-31,2026,7,July,2026-07,31,Friday,False
2026-08-01,2026,8,August,2026-08,31,Saturday,True
2026-08-02,2026,8,August,2026-08,31,Sunday,True
2026-08-03,2026,8,August,2026-08,32,Monday,False
2026-08-04,2026,8,August,2026-08,32,Tuesday,False
2026-08-05,2026,8,August,2026-08,32,Wednesday,False
2026-08-06,2026,8,August,2026-08,32,Thursday,False
2026-08-07,2026,8,August,2026-08,32,Friday,False
2026-08-08,2026,8,August,2026-08,32,Saturday,True
2026-08-09,2026,8,August,2026-08,32,Sunday,True
2026-08-10,2026,8,August,2026-08,33,Monday,False
2026-08-11,2026,8,August,2026-08,33,Tuesday,False
2026-08-12,2026,8,August,2026-08,33,Wednesday,False
2026-08-13,2026,8,August,2026-08,33,Thursday,False
2026-08-14,2026,8,August,2026-08,33,Friday,False
2026-08-15,2026,8,August,2026-08,33,Saturday,True
2026-08-16,2026,8,August,2026-08,33,Sunday,True
2026-08-17,2026,8,August,2026-08,34,Monday,False
2026-08-18,2026,8,August,2026-08,34,Tuesday,False
2026-08-19,2026,8,August,2026-08,34,Wednesday,False
2026-08-20,2026,8,August,2026-08,34,Thursday,False
2026-08-21,2026,8,August,2026-08,34,Friday,False
2026-08-22,2026,8,August,2026-08,34,Saturday,True
2026-08-23,2026,8,August,2026-08,34,Sunday,True
2026-08-24,2026,8,August,2026-08,35,Monday,False
2026-08-25,2026,8,August,2026-08,35,Tuesday,False
2026-08-26,2026,8,August,2026-08,35,Wednesday,False
2026-08-27,2026,8,August,2026-08,35,Thursday,False
2026-08-28,2026,8,August,2026-08,35,Friday,False
2026-08-29,2026,8,August,2026-08,35,Saturday,True
2026-08-30,2026,8,August,2026-08,35,Sunday,True
2026-08-31,2026,8,August,2026-08,36,Monday,False
2026-09-01,2026,9,September,2026-09,36,Tuesday,False
2026-09-02,2026,9,September,2026-09,36,Wednesday,False
2026-09-03,2026,9,September,2026-09,36,Thursday,False
2026-09-04,2026,9,September,2026-09,36,Friday,False
2026-09-05,2026,9,September,2026-09,36,Saturday,True
2026-09-06,2026,9,September,2026-09,36,Sunday,True
2026-09-07,2026,9,September,2026-09,37,Monday,False
2026-09-08,2026,9,September,2026-09,37,Tuesday,False
2026-09-09,2026,9,September,2026-09,37,Wednesday,False
2026-09-10,2026,9,September,2026-09,37,Thursday,False
2026-09-11,2026,9,September,2026-09,37,Friday,False
2026-09-12,2026,9,September,2026-09,37,Saturday,True
2026-09-13,2026,9,September,2026-09,37,Sunday,True
2026-09-14,2026,9,September,2026-09,38,Monday,False
2026-09-15,2026,9,September,2026-09,38,Tuesday,False
2026-09-16,2026,9,September,2026-09,38,Wednesday,False
2026-09-17,2026,9,September,2026-09,38,Thursday,False
2026-09-18,2026,9,September,2026-09,38,Friday,False
2026-09-19,2026,9,September,2026-09,38,Saturday,True
2026-09-20,2026,9,September,2026-09,38,Sunday,True
2026-09-21,2026,9,September,2026-09,39,Monday,False
2026-09-22,2026,9,September,2026-09,39,Tuesday,False
2026-09-23,2026,9,September,2026-09,39,Wednesday,False
2026-09-24,2026,9,September,2026-09,39,Thursday,False
2026-09-25,2026,9,September,2026-09,39,Friday,False
2026-09-26,2026,9,September,2026-09,39,Saturday,True
2026-09-27,2026,9,September,2026-09,39,Sunday,True
2026-09-28,2026,9,September,2026-09,40,Monday,False
2026-09-29,2026,9,September,2026-09,40,Tuesday,False
2026-09-30,2026,9,September,2026-09,40,Wednesday,False
2026-10-01,2026,10,October,2026-10,40,Thursday,False
2026-10-02,2026,10,October,2026-10,40,Friday,False
2026-10-03,2026,10,October,2026-10,40,Saturday,True
2026-10-04,2026,10,October,2026-10,40,Sunday,True
2026-10-05,2026,10,October,2026-10,41,Monday,False
2026-10-06,2026,10,October,2026-10,41,Tuesday,False
2026-10-07,2026,10,October,2026-10,41,Wednesday,False
2026-10-08,2026,10,October,2026-10,41,Thursday,False
2026-10-09,2026,10,October,2026-10,41,Friday,False
2026-10-10,2026,10,October,2026-10,41,Saturday,True
2026-10-11,2026,10,October,2026-10,41,Sunday,True
2026-10-12,2026,10,October,2026-10,42,Monday,False
2026-10-13,2026,10,October,2026-10,42,Tuesday,False
2026-10-14,2026,10,October,2026-10,42,Wednesday,False
2026-10-15,2026,10,October,2026-10,42,Thursday,False
2026-10-16,2026,10,October,2026-10,42,Friday,False
2026-10-17,2026,10,October,2026-10,42,Saturday,True
2026-10-18,2026,10,October,2026-10,42,Sunday,True
2026-10-19,2026,10,October,2026-10,43,Monday,False
2026-10-20,2026,10,October,2026-10,43,Tuesday,False
2026-10-21,2026,10,October,2026-10,43,Wednesday,False
2026-10-22,2026,10,October,2026-10,43,Thursday,False
2026-10-23,2026,10,October,2026-10,43,Friday,False
2026-10-24,2026,10,October,2026-10,43,Saturday,True
2026-10-25,2026,10,October,2026-10,43,Sunday,True
2026-10-26,2026,10,October,2026-10,44,Monday,False
2026-10-27,2026,10,October,2026-10,44,Tuesday,False
2026-10-28,2026,10,October,2026-10,44,Wednesday,False
2026-10-29,2026,10,October,2026-10,44,Thursday,False
2026-10-30,2026,10,October,2026-10,44,Friday,False
2026-10-31,2026,10,October,2026-10,44,Saturday,True
2026-11-01,2026,11,November,2026-11,44,Sunday,True
2026-11-02,2026,11,November,2026-11,45,Monday,False
2026-11-03,2026,11,November,2026-11,45,Tuesday,False
2026-11-04,2026,11,November,2026-11,45,Wednesday,False
2026-11-05,2026,11,November,2026-11,45,Thursday,False
2026-11-06,2026,11,November,2026-11,45,Friday,False
2026-11-07,2026,11,November,2026-11,45,Saturday,True
2026-11-08,2026,11,November,2026-11,45,Sunday,True
2026-11-09,2026,11,November,2026-11,46,Monday,False
2026-11-10,2026,11,November,2026-11,46,Tuesday,False
2026-11-11,2026,11,November,2026-11,46,Wednesday,False
2026-11-12,2026,11,November,2026-11,46,Thursday,False
2026-11-13,2026,11,November,2026-11,46,Friday,False
2026-11-14,2026,11,November,2026-11,46,Saturday,True
2026-11-15,2026,11,November,2026-11,46,Sunday,True
2026-11-16,2026,11,November,2026-11,47,Monday,False
2026-11-17,2026,11,November,2026-11,47,Tuesday,False
2026-11-18,2026,11,November,2026-11,47,Wednesday,False
2026-11-19,2026,11,November,2026-11,47,Thursday,False
2026-11-20,2026,11,November,2026-11,47,Friday,False
2026-11-21,2026,11,November,2026-11,47,Saturday,True
2026-11-22,2026,11,November,2026-11,47,Sunday,True
2026-11-23,2026,11,November,2026-11,48,Monday,False
2026-11-24,2026,11,November,2026-11,48,Tuesday,False
2026-11-25,2026,11,November,2026-11,48,Wednesday,False
2026-11-26,2026,11,November,2026-11,48,Thursday,False
2026-11-27,2026,11,November,2026-11,48,Friday,False
2026-11-28,2026,11,November,2026-11,48,Saturday,True
2026-11-29,2026,11,November,2026-11,48,Sunday,True
2026-11-30,2026,11,November,2026-11,49,Monday,False
2026-12-01,2026,12,December,2026-12,49,Tuesday,False
2026-12-02,2026,12,December,2026-12,49,Wednesday,False
2026-12-03,2026,12,December,2026-12,49,Thursday,False
2026-12-04,2026,12,December,2026-12,49,Friday,False
2026-12-05,2026,12,December,2026-12,49,Saturday,True
2026-12-06,2026,12,December,2026-12,49,Sunday,True
2026-12-07,2026,12,December,2026-12,50,Monday,False
2026-12-08,2026,12,December,2026-12,50,Tuesday,False
2026-12-09,2026,12,December,2026-12,50,Wednesday,False
2026-12-10,2026,12,December,2026-12,50,Thursday,False
2026-12-11,2026,12,December,2026-12,50,Friday,False
2026-12-12,2026,12,December,2026-12,50,Saturday,True
2026-12-13,2026,12,December,2026-12,50,Sunday,True
2026-12-14,2026,12,December,2026-12,51,Monday,False
2026-12-15,2026,12,December,2026-12,51,Tuesday,False
2026-12-16,2026,12,December,2026-12,51,Wednesday,False
2026-12-17,2026,12,December,2026-12,51,Thursday,False
2026-12-18,2026,12,December,2026-12,51,Friday,False
2026-12-19,2026,12,December,2026-12,51,Saturday,True
2026-12-20,2026,12,December,2026-12,51,Sunday,True
2026-12-21,2026,12,December,2026-12,52,Monday,False
2026-12-22,2026,12,December,2026-12,52,Tuesday,False
2026-12-23,2026,12,December,2026-12,52,Wednesday,False
2026-12-24,2026,12,December,2026-12,52,Thursday,False
2026-12-25,2026,12,December,2026-12,52,Friday,False
2026-12-26,2026,12,December,2026-12,52,Saturday,True
2026-12-27,2026,12,December,2026-12,52,Sunday,True
2026-12-28,2026,12,December,2026-12,53,Monday,False
2026-12-29,2026,12,December,2026-12,53,Tuesday,False
2026-12-30,2026,12,December,2026-12,53,Wednesday,False
2026-12-31,2026,12,December,2026-12,53,Thursday,False
