expense_id,group_id,payer_id,expense_name,category,total_amount,transaction_date,split_method,num_participants,has_receipt,is_recurring_generated,template_id,created_at
E00001,G001,U021,Electricity,Electricity,164.87,2026-07-29,equal,3,False,False,,2026-07-29 20:57:37
E00002,G001,U024,Electricity,Electricity,219.57,2026-03-19,equal,2,False,False,,2026-03-19 12:50:43
E00003,G001,U024,Groceries,Groceries,69.25,2026-09-04,equal,2,False,False,,2026-09-04 17:07:18
E00004,G001,U024,Cleaning supplies,Cleaning supplies,10.11,2026-05-22,unequal,2,False,False,,2026-05-22 12:34:49
E00005,G001,U022,Groceries,Groceries,93.88,2026-09-15,equal,4,False,False,,2026-09-15 09:05:46
E00006,G001,U009,Groceries,Groceries,137.47,2026-03-13,unequal,3,False,False,,2026-03-13 13:45:19
E00007,G001,U024,Household items,Household items,83.24,2026-08-20,equal,3,True,False,,2026-08-20 07:37:35
E00008,G001,U009,Electricity,Electricity,61.15,2026-02-07,equal,2,False,False,,2026-02-07 14:17:42
E00009,G001,U009,Takeaway,Takeaway,29.26,2026-09-07,unequal,5,False,False,,2026-09-07 10:03:25
E00011,G001,U022,Groceries,Groceries,30.82,2026-01-15,percentage,3,True,False,,2026-01-15 19:57:03
E00012,G001,U021,Groceries,Groceries,138.31,2026-05-23,equal,5,True,False,,2026-05-23 08:47:20
E00013,G001,U022,Takeaway,Takeaway,53.38,2026-03-29,percentage,2,False,False,,2026-03-29 14:25:07
E00014,G001,U024,Takeaway,Takeaway,37.24,2026-01-28,equal,4,True,False,,2026-01-28 14:16:25
E00015,G001,U022,Household items,Household items,46.50,2026-06-18,equal,2,True,False,,2026-06-18 15:08:59
E00016,G001,U023,Groceries,Groceries,126.12,2026-07-16,equal,4,True,False,,2026-07-16 10:56:08
E00017,G001,U023,Groceries,Groceries,110.38,2026-03-28,equal,3,True,False,,2026-03-28 15:32:31
E00018,G001,U023,Groceries,Groceries,35.61,2026-08-12,equal,4,True,False,,2026-08-12 20:35:00
E00019,G001,U023,Household items,Household items,109.91,2026-01-26,equal,3,False,False,,2026-01-26 16:23:57
E00020,G001,U009,Groceries,Groceries,128.38,2026-04-25,unequal,4,False,False,,2026-04-25 07:11:47
E00022,G001,U009,Cleaning supplies,Cleaning supplies,22.24,2026-05-04,equal,3,False,False,,2026-05-04 09:49:17
E00023,G001,U022,Takeaway,Takeaway,47.98,2026-06-26,equal,4,False,False,,2026-06-26 20:22:46
E00024,G001,U021,Cleaning supplies,Cleaning supplies,31.22,2026-03-08,percentage,3,True,False,,2026-03-08 13:23:27
E00025,G001,U022,Household items,Household items,111.68,2026-06-17,unequal,4,False,False,,2026-06-17 11:12:26
E00026,G001,U024,Cleaning supplies,Cleaning supplies,33.71,2026-04-07,equal,5,False,False,,2026-04-07 20:50:37
E00027,G001,U009,Internet,Internet,71.27,2026-08-22,equal,3,False,False,,2026-08-22 17:05:52
E00028,G001,U009,Electricity,Electricity,167.65,2026-05-03,equal,2,False,False,,2026-05-03 09:29:26
E00030,G001,U022,Takeaway,Takeaway,52.52,2026-05-15,equal,5,False,False,,2026-05-15 12:47:55
E00031,G001,U024,Internet,Internet,81.31,2026-05-29,equal,3,True,False,,2026-05-29 16:15:17
E00032,G001,U009,Takeaway,Takeaway,25.64,2026-03-26,equal,3,False,False,,2026-03-26 20:21:34
E00033,G001,U021,Groceries,Groceries,48.79,2026-08-11,percentage,2,False,False,,2026-08-11 07:22:19
E00034,G001,U021,Cleaning supplies,Cleaning supplies,28.84,2026-04-30,equal,5,False,False,,2026-04-30 12:53:29
E00035,G001,U024,Takeaway,Takeaway,57.39,2026-07-28,equal,2,True,False,,2026-07-28 11:55:29
E00036,G001,U021,Internet,Internet,68.27,2026-04-26,equal,5,True,False,,2026-04-26 07:47:34
E00037,G001,U022,Internet,Internet,62.85,2026-02-12,unequal,3,False,False,,2026-02-12 22:42:07
E00038,G001,U023,Electricity,Electricity,134.41,2026-05-19,equal,2,False,False,,2026-05-19 10:37:01
E00039,G001,U021,Takeaway,Takeaway,67.41,2026-07-19,percentage,3,False,False,,2026-07-19 08:22:34
E00040,G001,U022,Internet,Internet,57.41,2026-07-01,unequal,5,False,False,,2026-07-01 15:39:51
E00041,G001,U023,Cleaning supplies,Cleaning supplies,26.27,2026-05-25,percentage,2,False,False,,2026-05-25 21:36:39
E00042,G001,U009,Internet,Internet,56.00,2026-06-23,equal,4,True,False,,2026-06-23 07:33:12
E00043,G001,U021,Household items,Household items,57.67,2026-05-11,unequal,5,False,False,,2026-05-11 18:30:35
E00045,G001,U022,Internet,Internet,80.36,2026-06-01,unequal,4,False,False,,2026-06-01 15:02:03
E00046,G001,U022,Household items,Household items,114.13,2026-09-16,percentage,4,True,False,,2026-09-16 22:07:52
E00047,G001,U009,Cleaning supplies,Cleaning supplies,12.59,2026-02-04,equal,4,False,False,,2026-02-04 14:49:33
E00048,G001,U023,Cleaning supplies,Cleaning supplies,20.41,2026-08-15,equal,2,True,False,,2026-08-15 13:40:13
E00049,G001,U024,Groceries,Groceries,43.06,2026-04-06,equal,2,True,False,,2026-04-06 22:18:02
E00050,G001,U022,Household items,Household items,44.69,2026-08-28,unequal,4,True,False,,2026-08-28 15:52:09
E00051,G001,U021,Electricity,Electricity,186.82,2026-06-04,equal,4,True,False,,2026-06-04 21:05:38
E00052,G001,U022,Cleaning supplies,Cleaning supplies,35.71,2026-05-16,equal,2,False,False,,2026-05-16 12:30:33
E00053,G001,U021,Internet,Internet,61.35,2026-08-19,percentage,5,False,False,,2026-08-19 16:42:25
E00054,G001,U023,Takeaway,Takeaway,22.57,2026-02-22,equal,2,True,False,,2026-02-22 21:26:03
E00055,G001,U021,Internet,Internet,76.79,2026-09-20,unequal,3,False,False,,2026-09-20 10:01:40
E00056,G002,U018,Flights,Flights,909.78,2026-06-10,equal,5,False,False,,2026-06-10 11:31:59
E00057,G002,U006,Activities,Activities,258.68,2026-06-14,percentage,3,True,False,,2026-06-14 11:55:04
E00058,G002,U021,Transport,Transport,77.88,2026-06-17,unequal,4,False,False,,2026-06-17 17:35:48
E00059,G002,U008,Transport,Transport,187.58,2026-06-07,equal,5,False,False,,2026-06-07 19:24:42
E00060,G002,U003,Fuel,Fuel,118.47,2026-06-16,equal,6,False,False,,2026-06-16 11:26:55
E00061,G002,U021,Flights,Flights,274.83,2026-06-09,unequal,5,True,False,,2026-06-09 08:39:04
E00062,G002,U008,Fuel,Fuel,113.67,2026-06-08,equal,2,True,False,,2026-06-08 21:10:44
E00063,G002,U021,Accommodation,Accommodation,184.49,2026-06-02,equal,5,False,False,,2026-06-02 12:11:05
E00064,G002,U006,Transport,Transport,129.65,2026-06-08,percentage,3,False,False,,2026-06-08 07:57:51
E00065,G002,U003,Meals,Meals,131.64,2026-06-06,equal,4,True,False,,2026-06-06 15:29:54
E00066,G002,U020,Transport,Transport,172.87,2026-06-04,equal,4,False,False,,2026-06-04 19:17:00
E00067,G002,U018,Fuel,Fuel,102.26,2026-06-02,unequal,4,False,False,,2026-06-02 11:40:06
E00068,G002,U003,Fuel,Fuel,43.15,2026-06-15,equal,3,True,False,,2026-06-15 20:11:12
E00069,G002,U018,Activities,Activities,311.70,2026-06-12,equal,4,False,False,,2026-06-12 17:51:07
E00070,G002,U008,Accommodation,Accommodation,255.57,2026-06-08,unequal,5,False,False,,2026-06-08 15:37:24
E00071,G002,U006,Meals,Meals,46.25,2026-06-08,equal,6,True,False,,2026-06-08 16:41:26
E00072,G002,U006,Accommodation,Accommodation,859.70,2026-06-10,equal,3,False,False,,2026-06-10 21:23:42
E00073,G002,U018,Fuel,Fuel,115.68,2026-06-14,unequal,3,True,False,,2026-06-14 08:44:23
E00074,G002,U003,Transport,Transport,190.85,2026-06-12,percentage,4,True,False,,2026-06-12 21:05:42
E00075,G002,U003,Fuel,Fuel,87.77,2026-06-01,unequal,3,True,False,,2026-06-01 13:52:55
E00077,G002,U018,Flights,Flights,214.86,2026-06-08,equal,3,False,False,,2026-06-08 20:33:07
E00078,G002,U018,Transport,Transport,97.93,2026-06-12,equal,5,True,False,,2026-06-12 21:41:01
E00079,G002,U008,Transport,Transport,171.75,2026-06-14,equal,5,False,False,,2026-06-14 09:08:17
E00080,G002,U006,Activities,Activities,209.99,2026-06-11,percentage,6,False,False,,2026-06-11 21:25:26
E00081,G002,U021,Meals,Meals,94.01,2026-06-09,percentage,5,False,False,,2026-06-09 17:42:07
E00082,G002,U008,Fuel,Fuel,115.29,2026-06-14,equal,4,False,False,,2026-06-14 13:09:42
E00083,G002,U021,Accommodation,Accommodation,412.59,2026-06-18,equal,4,False,False,,2026-06-18 07:38:59
E00084,G002,U021,Fuel,Fuel,61.40,2026-06-06,unequal,4,False,False,,2026-06-06 09:09:47
E00085,G002,U020,Accommodation,Accommodation,218.82,2026-06-17,equal,5,True,False,,2026-06-17 09:56:03
E00087,G002,U006,Transport,Transport,35.51,2026-06-19,equal,4,True,False,,2026-06-19 08:00:13
E00088,G002,U021,Flights,Flights,967.35,2026-06-09,equal,2,False,False,,2026-06-09 12:08:24
E00089,G002,U003,Flights,Flights,700.26,2026-06-12,equal,2,False,False,,2026-06-12 21:58:04
E00090,G002,U008,Activities,Activities,173.08,2026-06-13,unequal,4,False,False,,2026-06-13 18:05:27
E00091,G002,U018,Flights,Flights,635.68,2026-06-13,equal,4,False,False,,2026-06-13 12:04:32
E00092,G002,U021,Activities,Activities,198.09,2026-06-12,unequal,3,False,False,,2026-06-12 11:48:48
E00094,G002,U003,Meals,Meals,149.45,2026-06-19,equal,2,False,False,,2026-06-19 21:02:03
E00095,G002,U018,Meals,Meals,41.51,2026-06-03,equal,5,False,False,,2026-06-03 17:38:30
E00096,G003,U013,Groceries,Groceries,76.81,2026-08-10,percentage,2,False,False,,2026-08-10 14:45:28
E00097,G003,U013,Takeaway,Takeaway,56.59,2026-02-24,equal,4,True,False,,2026-02-24 17:04:21
E00098,G003,U021,Household items,Household items,55.59,2026-03-20,percentage,4,False,False,,2026-03-20 16:35:24
E00099,G003,U021,Internet,Internet,83.46,2026-07-05,equal,5,False,False,,2026-07-05 12:13:21
E00100,G003,U015,Cleaning supplies,Cleaning supplies,16.72,2026-02-19,equal,2,False,False,,2026-02-19 17:56:49
E00101,G003,U015,Takeaway,Takeaway,46.37,2026-02-25,unequal,3,True,False,,2026-02-25 14:28:39
E00102,G003,U021,Household items,Household items,97.30,2026-03-15,equal,5,False,False,,2026-03-15 16:49:24
E00103,G003,U015,Cleaning supplies,Cleaning supplies,43.82,2026-08-12,unequal,3,False,False,,2026-08-12 10:45:54
E00104,G003,U015,Groceries,Groceries,57.78,2026-07-29,equal,3,False,False,,2026-07-29 21:56:22
E00105,G003,U013,Cleaning supplies,Cleaning supplies,11.86,2026-05-23,equal,2,True,False,,2026-05-23 07:20:59
E00106,G003,U015,Household items,Household items,83.25,2026-08-05,equal,4,False,False,,2026-08-05 21:39:00
E00107,G003,U015,Groceries,Groceries,54.43,2026-08-16,equal,5,False,False,,2026-08-16 08:15:26
E00108,G003,U009,Takeaway,Takeaway,52.00,2026-02-12,equal,2,True,False,,2026-02-12 11:18:27
E00109,G003,U015,Internet,Internet,63.42,2026-05-01,unequal,2,False,False,,2026-05-01 07:24:55
E00110,G003,U013,Household items,Household items,55.62,2026-04-20,unequal,4,True,False,,2026-04-20 08:22:34
E00111,G003,U009,Household items,Household items,33.38,2026-08-02,percentage,5,True,False,,2026-08-02 08:20:59
E00112,G003,U009,Cleaning supplies,Cleaning supplies,44.62,2026-06-03,equal,3,False,False,,2026-06-03 17:17:07
E00113,G003,U009,Cleaning supplies,Cleaning supplies,41.13,2026-07-24,percentage,5,False,False,,2026-07-24 09:27:38
E00114,G003,U006,Electricity,Electricity,147.28,2026-04-07,equal,4,False,False,,2026-04-07 12:44:28
E00115,G003,U013,Groceries,Groceries,108.58,2026-09-05,unequal,5,False,False,,2026-09-05 11:54:38
E00116,G003,U015,Cleaning supplies,Cleaning supplies,11.22,2026-02-01,unequal,4,False,False,,2026-02-01 18:23:28
E00117,G003,U009,Takeaway,Takeaway,29.64,2026-04-18,equal,4,False,False,,2026-04-18 22:33:24
E00118,G003,U009,Groceries,Groceries,55.10,2026-03-22,equal,4,False,False,,2026-03-22 09:28:11
E00119,G003,U013,Cleaning supplies,Cleaning supplies,44.90,2026-08-10,unequal,2,False,False,,2026-08-10 12:50:23
E00120,G003,U015,Groceries,Groceries,138.29,2026-08-05,equal,5,True,False,,2026-08-05 11:39:56
E00121,G003,U009,Internet,Internet,68.94,2026-07-17,equal,5,False,False,,2026-07-17 21:29:43
E00122,G003,U021,Electricity,Electricity,200.47,2026-08-02,unequal,3,True,False,,2026-08-02 11:19:10
E00123,G003,U021,Household items,Household items,38.67,2026-09-14,percentage,2,True,False,,2026-09-14 15:08:40
E00124,G003,U015,Takeaway,Takeaway,26.54,2026-06-28,equal,3,True,False,,2026-06-28 08:52:55
E00125,G003,U021,Groceries,Groceries,134.08,2026-07-31,equal,3,False,False,,2026-07-31 07:31:56
E00126,G003,U009,Internet,Internet,77.47,2026-04-02,equal,5,False,False,,2026-04-02 21:26:30
E00127,G003,U013,Internet,Internet,76.23,2026-04-05,unequal,4,True,False,,2026-04-05 15:28:15
E00128,G003,U021,Groceries,Groceries,58.37,2026-04-23,equal,3,False,False,,2026-04-23 12:31:32
E00129,G003,U009,Internet,Internet,72.41,2026-02-07,equal,3,False,False,,2026-02-07 08:18:31
E00130,G003,U021,Household items,Household items,85.61,2026-03-29,equal,2,False,False,,2026-03-29 15:46:23
E00131,G003,U021,Internet,Internet,56.58,2026-01-28,equal,4,True,False,,2026-01-28 21:48:35
E00132,G003,U015,Takeaway,Takeaway,67.63,2026-02-14,percentage,5,False,False,,2026-02-14 08:02:08
E00134,G003,U009,Cleaning supplies,Cleaning supplies,34.81,2026-04-01,unequal,4,False,False,,2026-04-01 22:16:41
E00135,G003,U006,Takeaway,Takeaway,60.43,2026-07-18,equal,3,False,False,,2026-07-18 14:02:36
E00136,G003,U013,Groceries,Groceries,46.94,2026-05-07,equal,5,False,False,,2026-05-07 11:33:13
E00137,G003,U013,Household items,Household items,65.23,2026-04-21,percentage,5,False,False,,2026-04-21 16:14:19
E00138,G003,U009,Household items,Household items,36.76,2026-07-14,equal,4,False,False,,2026-07-14 19:57:25
E00139,G003,U006,Electricity,Electricity,106.47,2026-03-29,equal,5,False,False,,2026-03-29 15:08:06
E00140,G003,U021,Takeaway,Takeaway,36.75,2026-01-27,equal,3,True,False,,2026-01-27 17:45:30
E00141,G003,U015,Electricity,Electricity,60.83,2026-06-04,equal,5,True,False,,2026-06-04 08:58:49
E00142,G003,U006,Takeaway,Takeaway,36.26,2026-07-23,percentage,3,False,False,,2026-07-23 12:59:47
E00143,G003,U013,Internet,Internet,85.69,2026-01-17,equal,2,False,False,,2026-01-17 21:41:34
E00144,G003,U013,Electricity,Electricity,196.17,2026-05-14,equal,2,False,False,,2026-05-14 21:41:16
E00145,G003,U013,Groceries,Groceries,109.71,2026-08-05,equal,3,False,False,,2026-08-05 17:05:25
E00147,G003,U006,Internet,Internet,75.39,2026-06-10,equal,4,False,False,,2026-06-10 21:19:10
E00148,G003,U013,Takeaway,Takeaway,84.62,2026-08-30,unequal,4,False,False,,2026-08-30 18:26:44
E00149,G003,U015,Cleaning supplies,Cleaning supplies,36.51,2026-08-08,unequal,2,False,False,,2026-08-08 18:04:58
E00150,G003,U021,Groceries,Groceries,120.31,2026-09-03,equal,3,True,False,,2026-09-03 21:07:43
E00151,G003,U021,Takeaway,Takeaway,54.22,2026-09-02,equal,2,True,False,,2026-09-02 20:29:36
E00152,G003,U006,Cleaning supplies,Cleaning supplies,33.55,2026-04-03,equal,2,False,False,,2026-04-03 08:27:22
E00153,G003,U006,Takeaway,Takeaway,89.59,2026-09-11,percentage,5,False,False,,2026-09-11 19:24:05
E00154,G003,U013,Household items,Household items,106.83,2026-02-18,equal,5,False,False,,2026-02-18 07:19:29
E00155,G003,U015,Takeaway,Takeaway,49.69,2026-04-22,equal,4,False,False,,2026-04-22 08:51:42
E00156,G004,U023,Accommodation,Accommodation,330.50,2026-03-12,equal,5,True,False,,2026-03-12 21:14:34
E00157,G004,U018,Accommodation,Accommodation,255.10,2026-04-10,unequal,4,True,False,,2026-04-10 20:19:17
E00158,G004,U018,Activities,Activities,312.71,2026-06-28,unequal,5,True,False,,2026-06-28 11:19:24
E00159,G004,U018,Activities,Activities,186.79,2026-06-20,equal,3,False,False,,2026-06-20 20:26:35
E00160,G004,U008,Transport,Transport,59.93,2026-03-30,unequal,5,True,False,,2026-03-30 08:55:04
E00161,G004,U018,Activities,Activities,264.53,2026-05-14,equal,4,False,False,,2026-05-14 10:47:48
E00162,G004,U018,Flights,Flights,895.63,2026-06-02,equal,3,False,False,,2026-06-02 19:29:34
E00163,G004,U022,Meals,Meals,69.23,2026-05-08,equal,5,True,False,,2026-05-08 08:36:55
E00164,G004,U011,Flights,Flights,216.22,2026-05-13,equal,5,True,False,,2026-05-13 19:36:53
E00165,G004,U008,Activities,Activities,242.93,2026-05-30,equal,5,False,False,,2026-05-30 11:46:34
E00166,G004,U011,Activities,Activities,347.00,2026-03-11,equal,2,False,False,,2026-03-11 20:08:53
E00167,G004,U018,Accommodation,Accommodation,680.38,2026-03-05,equal,4,False,False,,2026-03-05 07:00:34
E00168,G004,U008,Accommodation,Accommodation,162.54,2026-06-04,equal,4,True,False,,2026-06-04 10:33:09
E00169,G004,U008,Activities,Activities,203.20,2026-06-16,equal,5,False,False,,2026-06-16 14:19:43
E00170,G004,U023,Accommodation,Accommodation,640.30,2026-06-21,equal,5,False,False,,2026-06-21 09:31:54
E00171,G004,U023,Meals,Meals,114.88,2026-06-21,percentage,2,False,False,,2026-06-21 22:17:02
E00172,G004,U011,Fuel,Fuel,114.05,2026-06-27,equal,2,True,False,,2026-06-27 07:13:37
E00173,G004,U023,Fuel,Fuel,105.67,2026-06-30,equal,3,False,False,,2026-06-30 17:24:48
E00174,G004,U008,Fuel,Fuel,97.93,2026-05-07,equal,5,False,False,,2026-05-07 07:40:17
E00175,G004,U011,Transport,Transport,105.76,2026-04-18,percentage,5,False,False,,2026-04-18 19:45:50
E00176,G004,U023,Fuel,Fuel,71.17,2026-04-19,equal,4,False,False,,2026-04-19 11:05:11
E00177,G004,U023,Activities,Activities,211.97,2026-04-25,equal,4,False,False,,2026-04-25 19:00:18
E00178,G004,U018,Accommodation,Accommodation,693.63,2026-05-14,equal,3,False,False,,2026-05-14 15:19:17
E00179,G004,U022,Accommodation,Accommodation,275.41,2026-04-08,equal,2,False,False,,2026-04-08 14:46:40
E00180,G004,U018,Activities,Activities,100.62,2026-03-17,equal,5,False,False,,2026-03-17 20:52:52
E00181,G004,U011,Activities,Activities,82.20,2026-04-14,percentage,3,False,False,,2026-04-14 16:47:44
E00182,G004,U022,Activities,Activities,282.41,2026-04-14,equal,5,False,False,,2026-04-14 07:46:29
E00183,G004,U023,Flights,Flights,638.45,2026-04-10,unequal,5,False,False,,2026-04-10 19:04:28
E00184,G004,U011,Transport,Transport,122.72,2026-05-11,percentage,5,False,False,,2026-05-11 19:48:21
E00185,G004,U008,Transport,Transport,34.60,2026-03-16,equal,3,False,False,,2026-03-16 21:49:43
E00186,G005,U024,Coffee run,Coffee run,30.52,2026-02-10,equal,5,False,False,,2026-02-10 16:21:29
E00187,G005,U024,Birthday cake,Birthday cake,40.67,2026-02-28,unequal,5,True,False,,2026-02-28 12:59:47
E00188,G005,U003,Coffee run,Coffee run,39.84,2026-04-29,percentage,3,False,False,,2026-04-29 19:01:47
E00189,G005,U003,Coffee run,Coffee run,35.23,2026-05-24,equal,3,False,False,,2026-05-24 09:36:06
E00190,G005,U024,Coffee run,Coffee run,31.46,2026-03-26,equal,7,False,False,,2026-03-26 10:22:22
E00191,G005,U013,Coffee run,Coffee run,51.62,2026-08-03,percentage,6,False,False,,2026-08-03 11:32:24
E00192,G005,U023,Coffee run,Coffee run,40.87,2026-05-23,equal,6,False,False,,2026-05-23 12:20:53
E00193,G005,U024,Lunch,Lunch,198.48,2026-02-06,equal,8,True,False,,2026-02-06 21:31:10
E00194,G005,U013,Lunch,Lunch,187.34,2026-04-01,equal,3,True,False,,2026-04-01 22:35:32
E00195,G005,U009,Lunch,Lunch,102.86,2026-06-23,equal,8,False,False,,2026-06-23 16:55:02
E00196,G005,U024,Team snacks,Team snacks,71.73,2026-02-26,percentage,2,False,False,,2026-02-26 18:55:45
E00197,G005,U011,Birthday cake,Birthday cake,32.47,2026-03-11,unequal,8,False,False,,2026-03-11 11:48:50
E00198,G005,U023,Lunch,Lunch,218.80,2026-09-13,unequal,3,False,False,,2026-09-13 19:31:09
E00199,G005,U024,Team snacks,Team snacks,57.67,2026-05-11,equal,8,False,False,,2026-05-11 07:55:49
E00200,G005,U009,Lunch,Lunch,176.95,2026-06-01,percentage,8,False,False,,2026-06-01 08:02:06
E00201,G005,U023,Birthday cake,Birthday cake,25.73,2026-09-11,equal,2,True,False,,2026-09-11 11:56:41
E00202,G005,U013,Team snacks,Team snacks,25.60,2026-05-07,equal,7,False,False,,2026-05-07 10:00:13
E00203,G005,U024,Coffee run,Coffee run,41.72,2026-06-16,equal,7,False,False,,2026-06-16 14:24:05
E00204,G005,U013,Lunch,Lunch,76.51,2026-05-09,equal,8,True,False,,2026-05-09 21:22:46
E00205,G005,U024,Coffee run,Coffee run,56.40,2026-07-11,percentage,2,True,False,,2026-07-11 19:22:27
E00206,G005,U008,Coffee run,Coffee run,26.15,2026-07-19,equal,6,True,False,,2026-07-19 13:47:25
E00207,G005,U011,Lunch,Lunch,185.41,2026-08-26,equal,2,False,False,,2026-08-26 09:33:56
E00209,G005,U003,Birthday cake,Birthday cake,47.80,2026-07-14,equal,5,True,False,,2026-07-14 15:05:19
E00210,G005,U009,Coffee run,Coffee run,58.84,2026-03-15,equal,7,True,False,,2026-03-15 09:59:27
E00211,G005,U023,Lunch,Lunch,109.49,2026-08-12,equal,7,False,False,,2026-08-12 12:23:08
E00212,G005,U002,Team snacks,Team snacks,63.98,2026-03-06,equal,5,False,False,,2026-03-06 22:29:32
E00213,G005,U009,Birthday cake,Birthday cake,63.67,2026-03-18,equal,8,False,False,,2026-03-18 07:15:02
E00214,G005,U002,Birthday cake,Birthday cake,66.41,2026-03-21,equal,7,False,False,,2026-03-21 15:52:04
E00215,G005,U002,Lunch,Lunch,140.33,2026-09-22,equal,8,True,False,,2026-09-22 21:00:23
E00216,G005,U024,Team snacks,Team snacks,64.37,2026-04-07,equal,5,True,False,,2026-04-07 07:59:26
E00217,G005,U002,Team snacks,Team snacks,58.16,2026-07-31,percentage,2,False,False,,2026-07-31 10:13:33
E00218,G005,U023,Birthday cake,Birthday cake,47.14,2026-02-19,unequal,2,True,False,,2026-02-19 18:29:47
E00219,G005,U003,Lunch,Lunch,140.87,2026-07-17,equal,6,False,False,,2026-07-17 15:54:20
E00220,G005,U009,Birthday cake,Birthday cake,56.53,2026-08-11,equal,4,True,False,,2026-08-11 10:09:06
E00221,G005,U009,Birthday cake,Birthday cake,39.13,2026-03-06,percentage,3,False,False,,2026-03-06 09:10:51
E00222,G005,U009,Lunch,Lunch,94.40,2026-09-11,equal,7,True,False,,2026-09-11 15:52:11
E00223,G005,U011,Birthday cake,Birthday cake,63.46,2026-06-26,equal,2,False,False,,2026-06-26 07:03:53
E00224,G005,U003,Coffee run,Coffee run,20.88,2026-09-02,equal,7,False,False,,2026-09-02 13:57:41
E00225,G005,U009,Coffee run,Coffee run,19.14,2026-09-08,equal,5,False,False,,2026-09-08 22:01:24
E00226,G005,U023,Coffee run,Coffee run,30.93,2026-09-24,equal,5,False,False,,2026-09-24 16:31:26
E00227,G005,U003,Birthday cake,Birthday cake,27.74,2026-04-16,equal,3,False,False,,2026-04-16 07:24:50
E00228,G005,U009,Birthday cake,Birthday cake,49.50,2026-06-08,percentage,6,False,False,,2026-06-08 22:33:22
E00229,G005,U011,Coffee run,Coffee run,58.83,2026-03-01,unequal,4,False,False,,2026-03-01 14:37:20
E00230,G005,U009,Team snacks,Team snacks,74.84,2026-02-11,percentage,6,False,False,,2026-02-11 14:01:33
E00231,G005,U023,Team snacks,Team snacks,75.07,2026-03-27,equal,3,False,False,,2026-03-27 11:37:45
E00232,G005,U009,Lunch,Lunch,195.44,2026-09-12,percentage,4,False,False,,2026-09-12 12:46:27
E00233,G005,U009,Birthday cake,Birthday cake,54.21,2026-03-20,equal,6,False,False,,2026-03-20 07:44:36
E00234,G005,U011,Lunch,Lunch,89.13,2026-04-26,unequal,2,False,False,,2026-04-26 09:15:22
E00235,G005,U009,Coffee run,Coffee run,43.63,2026-02-26,equal,4,True,False,,2026-02-26 18:16:50
E00236,G005,U003,Lunch,Lunch,67.70,2026-05-27,percentage,5,False,False,,2026-05-27 21:04:51
E00237,G005,U008,Team snacks,Team snacks,21.20,2026-04-11,equal,3,False,False,,2026-04-11 09:35:57
E00238,G005,U024,Team snacks,Team snacks,55.64,2026-07-11,unequal,5,True,False,,2026-07-11 15:42:18
E00239,G005,U024,Lunch,Lunch,67.94,2026-06-30,equal,4,True,False,,2026-06-30 22:12:06
E00240,G005,U024,Coffee run,Coffee run,43.72,2026-02-24,unequal,4,False,False,,2026-02-24 12:23:56
E00241,G005,U024,Coffee run,Coffee run,35.06,2026-04-12,equal,3,False,False,,2026-04-12 11:48:44
E00242,G005,U003,Lunch,Lunch,166.90,2026-08-29,percentage,6,False,False,,2026-08-29 19:57:54
E00243,G005,U024,Coffee run,Coffee run,20.41,2026-08-16,equal,3,True,False,,2026-08-16 11:02:27
E00244,G005,U023,Birthday cake,Birthday cake,34.09,2026-09-02,unequal,4,False,False,,2026-09-02 17:54:17
E00245,G005,U003,Lunch,Lunch,185.85,2026-07-13,equal,3,False,False,,2026-07-13 10:59:06
E00246,G005,U009,Lunch,Lunch,185.72,2026-09-14,percentage,4,False,False,,2026-09-14 15:25:09
E00247,G005,U009,Birthday cake,Birthday cake,26.75,2026-09-19,unequal,2,True,False,,2026-09-19 17:52:50
E00248,G005,U008,Team snacks,Team snacks,70.57,2026-09-11,percentage,3,False,False,,2026-09-11 15:46:26
E00249,G005,U003,Lunch,Lunch,90.07,2026-03-30,unequal,8,True,False,,2026-03-30 14:02:29
E00250,G005,U009,Team snacks,Team snacks,62.28,2026-04-15,unequal,6,False,False,,2026-04-15 18:22:10
E00251,G005,U008,Team snacks,Team snacks,64.94,2026-07-30,equal,5,True,False,,2026-07-30 14:43:13
E00252,G005,U002,Birthday cake,Birthday cake,48.10,2026-09-13,equal,3,False,False,,2026-09-13 14:16:38
E00253,G005,U013,Team snacks,Team snacks,62.76,2026-08-04,equal,5,False,False,,2026-08-04 16:43:33
E00254,G005,U009,Birthday cake,Birthday cake,51.30,2026-02-05,equal,6,True,False,,2026-02-05 17:17:40
E00255,G005,U013,Team snacks,Team snacks,35.67,2026-08-05,equal,6,False,False,,2026-08-05 11:46:01
E00256,G006,U011,Meals,Meals,68.91,2026-08-03,equal,2,False,False,,2026-08-03 14:43:34
E00257,G006,U023,Transport,Transport,182.71,2026-07-18,unequal,4,True,False,,2026-07-18 12:43:57
E00258,G006,U023,Accommodation,Accommodation,316.69,2026-06-14,equal,3,False,False,,2026-06-14 21:54:07
E00259,G006,U007,Fuel,Fuel,86.69,2026-09-23,equal,2,False,False,,2026-09-23 19:33:19
E00260,G006,U023,Flights,Flights,337.37,2026-06-08,equal,4,False,False,,2026-06-08 09:31:21
E00261,G006,U007,Flights,Flights,513.41,2026-05-02,equal,2,False,False,,2026-05-02 12:31:50
E00262,G006,U011,Accommodation,Accommodation,247.05,2026-08-07,equal,3,False,False,,2026-08-07 13:46:23
E00264,G006,U007,Activities,Activities,222.49,2026-05-30,unequal,3,False,False,,2026-05-30 17:57:31
E00266,G006,U007,Accommodation,Accommodation,431.39,2026-06-22,equal,2,True,False,,2026-06-22 07:03:44
E00267,G006,U023,Transport,Transport,85.35,2026-09-05,equal,2,False,False,,2026-09-05 07:19:26
E00268,G006,U019,Fuel,Fuel,81.62,2026-09-24,equal,2,False,False,,2026-09-24 10:50:06
E00269,G006,U019,Activities,Activities,101.92,2026-06-24,equal,3,False,False,,2026-06-24 22:58:13
E00270,G006,U007,Transport,Transport,76.16,2026-04-18,unequal,2,True,False,,2026-04-18 09:46:46
E00271,G006,U023,Meals,Meals,126.65,2026-08-12,equal,2,False,False,,2026-08-12 08:54:18
E00272,G006,U007,Fuel,Fuel,65.02,2026-05-17,percentage,2,False,False,,2026-05-17 17:22:57
E00273,G006,U023,Activities,Activities,123.18,2026-05-11,unequal,2,False,False,,2026-05-11 15:53:24
E00274,G006,U007,Transport,Transport,162.98,2026-05-30,equal,4,False,False,,2026-05-30 22:51:36
E00275,G006,U007,Flights,Flights,811.32,2026-07-18,percentage,4,True,False,,2026-07-18 09:16:41
E00276,G006,U019,Fuel,Fuel,109.47,2026-08-30,percentage,4,False,False,,2026-08-30 19:09:53
E00277,G006,U011,Activities,Activities,56.92,2026-05-28,percentage,2,True,False,,2026-05-28 14:21:17
E00278,G006,U011,Flights,Flights,750.50,2026-07-23,unequal,2,False,False,,2026-07-23 09:54:31
E00279,G006,U007,Accommodation,Accommodation,885.50,2026-04-22,equal,2,False,False,,2026-04-22 16:56:32
E00280,G006,U023,Fuel,Fuel,93.72,2026-07-14,unequal,2,False,False,,2026-07-14 22:45:42
E00281,G001,U022,Rent,Rent,1800.00,2026-02-01,equal,5,False,True,R001,2026-02-01 21:07:06
E00282,G001,U022,Rent,Rent,1800.00,2026-03-01,equal,5,False,True,R001,2026-03-01 14:00:21
E00283,G001,U022,Rent,Rent,1800.00,2026-04-01,equal,5,False,True,R001,2026-04-01 16:35:33
E00284,G001,U022,Rent,Rent,1800.00,2026-05-01,equal,5,True,True,R001,2026-05-01 10:02:57
E00285,G001,U022,Rent,Rent,1800.00,2026-06-01,equal,5,False,True,R001,2026-06-01 11:52:45
E00286,G001,U022,Rent,Rent,1800.00,2026-07-01,equal,5,False,True,R001,2026-07-01 20:06:16
E00287,G001,U022,Rent,Rent,1800.00,2026-08-01,equal,5,False,True,R001,2026-08-01 13:07:59
E00288,G001,U022,Rent,Rent,1800.00,2026-09-01,equal,5,False,True,R001,2026-09-01 13:29:52
E00289,G001,U023,Internet,Internet,79.00,2026-01-15,equal,5,True,True,R002,2026-01-15 10:48:26
E00290,G001,U024,Internet,Internet,79.00,2026-02-15,equal,5,False,True,R002,2026-02-15 10:49:57
E00291,G001,U024,Internet,Internet,79.00,2026-03-15,equal,5,False,True,R002,2026-03-15 11:31:00
E00292,G001,U022,Internet,Internet,79.00,2026-04-15,equal,5,False,True,R002,2026-04-15 20:53:37
E00293,G001,U024,Internet,Internet,79.00,2026-05-15,equal,5,True,True,R002,2026-05-15 12:44:37
E00294,G001,U009,Internet,Internet,79.00,2026-06-15,equal,5,False,True,R002,2026-06-15 10:24:42
E00295,G001,U023,Internet,Internet,79.00,2026-07-15,equal,5,False,True,R002,2026-07-15 19:26:38
E00296,G001,U009,Internet,Internet,79.00,2026-08-15,equal,5,False,True,R002,2026-08-15 15:25:21
E00297,G001,U021,Internet,Internet,79.00,2026-09-15,equal,5,False,True,R002,2026-09-15 11:08:26
E00298,G003,U006,Rent,Rent,2250.00,2026-01-31,equal,5,False,True,R003,2026-01-31 16:53:44
E00299,G003,U006,Rent,Rent,2250.00,2026-02-28,equal,5,False,True,R003,2026-02-28 17:45:47
E00300,G003,U006,Rent,Rent,2250.00,2026-03-31,equal,5,False,True,R003,2026-03-31 13:12:13
E00301,G003,U006,Rent,Rent,2250.00,2026-04-30,equal,5,False,True,R003,2026-04-30 16:43:22
E00302,G003,U006,Rent,Rent,2250.00,2026-05-31,equal,5,False,True,R003,2026-05-31 11:45:41
E00303,G003,U006,Rent,Rent,2250.00,2026-06-30,equal,5,False,True,R003,2026-06-30 12:32:34
E00304,G003,U006,Rent,Rent,2250.00,2026-07-31,equal,5,False,True,R003,2026-07-31 17:45:07
E00305,G003,U006,Rent,Rent,2250.00,2026-08-31,equal,5,False,True,R003,2026-08-31 22:37:36
E00306,G003,U009,Weekly groceries,Weekly groceries,110.00,2026-01-18,equal,5,False,True,R004,2026-01-18 16:56:54
E00307,G003,U006,Weekly groceries,Weekly groceries,110.00,2026-01-25,equal,5,True,True,R004,2026-01-25 10:01:24
E00308,G003,U006,Weekly groceries,Weekly groceries,110.00,2026-02-01,equal,5,False,True,R004,2026-02-01 13:17:48
E00309,G003,U013,Weekly groceries,Weekly groceries,110.00,2026-02-08,equal,5,True,True,R004,2026-02-08 15:09:53
E00310,G003,U013,Weekly groceries,Weekly groceries,110.00,2026-02-15,equal,5,True,True,R004,2026-02-15 13:48:34
E00311,G003,U009,Weekly groceries,Weekly groceries,110.00,2026-02-22,equal,5,False,True,R004,2026-02-22 10:39:55
E00312,G003,U021,Weekly groceries,Weekly groceries,110.00,2026-03-01,equal,5,False,True,R004,2026-03-01 14:47:41
E00313,G003,U015,Weekly groceries,Weekly groceries,110.00,2026-03-08,equal,5,True,True,R004,2026-03-08 16:44:42
E00314,G003,U009,Weekly groceries,Weekly groceries,110.00,2026-03-15,equal,5,False,True,R004,2026-03-15 19:26:50
E00315,G003,U013,Weekly groceries,Weekly groceries,110.00,2026-03-22,equal,5,True,True,R004,2026-03-22 08:00:47
E00316,G003,U021,Weekly groceries,Weekly groceries,110.00,2026-03-29,equal,5,False,True,R004,2026-03-29 21:53:14
E00317,G003,U013,Weekly groceries,Weekly groceries,110.00,2026-04-05,equal,5,False,True,R004,2026-04-05 13:49:46
E00318,G003,U013,Weekly groceries,Weekly groceries,110.00,2026-04-12,equal,5,True,True,R004,2026-04-12 21:11:43
E00319,G003,U015,Weekly groceries,Weekly groceries,110.00,2026-04-19,equal,5,False,True,R004,2026-04-19 10:24:02
E00320,G003,U021,Weekly groceries,Weekly groceries,110.00,2026-04-26,equal,5,False,True,R004,2026-04-26 15:08:10
E00321,G003,U013,Weekly groceries,Weekly groceries,110.00,2026-05-03,equal,5,False,True,R004,2026-05-03 07:21:29
E00322,G003,U015,Weekly groceries,Weekly groceries,110.00,2026-05-10,equal,5,True,True,R004,2026-05-10 08:09:59
E00323,G003,U006,Weekly groceries,Weekly groceries,110.00,2026-05-17,equal,5,False,True,R004,2026-05-17 16:31:50
E00324,G003,U013,Weekly groceries,Weekly groceries,110.00,2026-05-24,equal,5,True,True,R004,2026-05-24 09:50:45
E00325,G003,U015,Weekly groceries,Weekly groceries,110.00,2026-05-31,equal,5,False,True,R004,2026-05-31 12:33:04
E00326,G003,U015,Weekly groceries,Weekly groceries,110.00,2026-06-07,equal,5,False,True,R004,2026-06-07 20:34:34
E00327,G003,U013,Weekly groceries,Weekly groceries,110.00,2026-06-14,equal,5,False,True,R004,2026-06-14 14:56:13
E00328,G003,U013,Weekly groceries,Weekly groceries,110.00,2026-06-21,equal,5,False,True,R004,2026-06-21 18:18:13
E00329,G003,U021,Weekly groceries,Weekly groceries,110.00,2026-06-28,equal,5,False,True,R004,2026-06-28 22:35:52
E00330,G003,U006,Weekly groceries,Weekly groceries,110.00,2026-07-05,equal,5,False,True,R004,2026-07-05 10:42:22
E00331,G003,U021,Weekly groceries,Weekly groceries,110.00,2026-07-12,equal,5,False,True,R004,2026-07-12 14:02:43
E00332,G003,U009,Weekly groceries,Weekly groceries,110.00,2026-07-19,equal,5,False,True,R004,2026-07-19 10:24:16
E00333,G003,U013,Weekly groceries,Weekly groceries,110.00,2026-07-26,equal,5,False,True,R004,2026-07-26 07:58:33
E00334,G003,U013,Weekly groceries,Weekly groceries,110.00,2026-08-02,equal,5,True,True,R004,2026-08-02 21:31:02
E00335,G003,U015,Weekly groceries,Weekly groceries,110.00,2026-08-09,equal,5,False,True,R004,2026-08-09 17:32:05
E00336,G003,U015,Weekly groceries,Weekly groceries,110.00,2026-08-16,equal,5,True,True,R004,2026-08-16 07:40:04
E00337,G003,U015,Weekly groceries,Weekly groceries,110.00,2026-08-23,equal,5,True,True,R004,2026-08-23 20:53:06
E00338,G003,U009,Weekly groceries,Weekly groceries,110.00,2026-08-30,equal,5,True,True,R004,2026-08-30 09:47:43
E00339,G003,U009,Weekly groceries,Weekly groceries,110.00,2026-09-06,equal,5,True,True,R004,2026-09-06 17:02:05
E00340,G003,U015,Weekly groceries,Weekly groceries,110.00,2026-09-13,equal,5,False,True,R004,2026-09-13 15:35:04
E00341,G003,U015,Weekly groceries,Weekly groceries,110.00,2026-09-20,equal,5,False,True,R004,2026-09-20 15:26:24
E00342,G005,U003,Coffee subscription,Coffee subscription,42.00,2026-02-03,equal,8,False,True,R005,2026-02-03 20:20:01
E00343,G005,U008,Coffee subscription,Coffee subscription,42.00,2026-02-17,equal,8,False,True,R005,2026-02-17 07:41:46
E00344,G005,U002,Coffee subscription,Coffee subscription,42.00,2026-03-03,equal,8,False,True,R005,2026-03-03 09:22:59
E00345,G005,U013,Coffee subscription,Coffee subscription,42.00,2026-03-17,equal,8,True,True,R005,2026-03-17 16:38:05
E00346,G005,U024,Coffee subscription,Coffee subscription,42.00,2026-03-31,equal,8,False,True,R005,2026-03-31 19:25:52
E00347,G005,U024,Coffee subscription,Coffee subscription,42.00,2026-04-14,equal,8,True,True,R005,2026-04-14 12:34:14
E00348,G005,U003,Coffee subscription,Coffee subscription,42.00,2026-04-28,equal,8,True,True,R005,2026-04-28 16:40:09
E00349,G005,U009,Coffee subscription,Coffee subscription,42.00,2026-05-12,equal,8,False,True,R005,2026-05-12 07:35:55
E00350,G005,U008,Coffee subscription,Coffee subscription,42.00,2026-05-26,equal,8,False,True,R005,2026-05-26 08:00:36
E00351,G005,U008,Coffee subscription,Coffee subscription,42.00,2026-06-09,equal,8,False,True,R005,2026-06-09 16:13:47
E00352,G005,U009,Coffee subscription,Coffee subscription,42.00,2026-06-23,equal,8,False,True,R005,2026-06-23 13:26:57
E00353,G005,U023,Coffee subscription,Coffee subscription,42.00,2026-07-07,equal,8,False,True,R005,2026-07-07 12:11:14
E00354,G005,U013,Coffee subscription,Coffee subscription,42.00,2026-07-21,equal,8,False,True,R005,2026-07-21 13:07:11
E00355,G005,U002,Coffee subscription,Coffee subscription,42.00,2026-08-04,equal,8,True,True,R005,2026-08-04 21:41:35
E00356,G005,U008,Coffee subscription,Coffee subscription,42.00,2026-08-18,equal,8,False,True,R005,2026-08-18 15:06:12
E00357,G005,U024,Coffee subscription,Coffee subscription,42.00,2026-09-01,equal,8,False,True,R005,2026-09-01 17:22:08
E00358,G005,U011,Coffee subscription,Coffee subscription,42.00,2026-09-15,equal,8,True,True,R005,2026-09-15 10:18:39
E00359,G004,U018,Campsite fund,Campsite fund,60.00,2026-03-10,equal,5,True,True,R006,2026-03-10 17:31:28
E00360,G004,U008,Campsite fund,Campsite fund,60.00,2026-04-10,equal,5,False,True,R006,2026-04-10 11:36:36
E00361,G004,U008,Campsite fund,Campsite fund,60.00,2026-05-10,equal,5,True,True,R006,2026-05-10 20:10:00
E00362,G004,U018,Campsite fund,Campsite fund,60.00,2026-06-10,equal,5,False,True,R006,2026-06-10 20:17:53
