expense_id,group_id,user_id,share_amount,share_percentage
E00001,G001,U009,54.96,
E00001,G001,U023,54.96,
E00001,G001,U021,54.95,
E00002,G001,U022,109.79,
E00002,G001,U009,109.78,
E00003,G001,U022,34.63,
E00003,G001,U023,34.62,
E00004,G001,U023,4.05,
E00004,G001,U009,6.06,
E00005,G001,U023,23.47,
E00005,G001,U009,23.47,
E00005,G001,U022,23.47,
E00005,G001,U024,23.47,
E00006,G001,U023,40.45,
E00006,G001,U021,48.51,
E00006,G001,U022,48.51,
E00007,G001,U009,27.75,
E00007,G001,U022,27.75,
E00007,G001,U024,27.74,
E00008,G001,U023,30.58,
E00008,G001,U022,30.57,
E00009,G001,U009,6.16,
E00009,G001,U022,6.16,
E00009,G001,U021,6.16,
E00009,G001,U024,9.24,
E00009,G001,U023,1.54,
E00011,G001,U009,10.80,35
E00011,G001,U021,13.86,45
E00011,G001,U024,6.16,20
E00012,G001,U009,27.67,
E00012,G001,U024,27.66,
E00012,G001,U021,27.66,
E00012,G001,U022,27.66,
E00012,G001,U023,27.66,
E00013,G001,U009,8.01,15
E00013,G001,U022,45.37,85
E00014,G001,U023,9.31,
E00014,G001,U009,9.31,
E00014,G001,U024,9.31,
E00014,G001,U021,9.31,
E00015,G001,U022,23.25,
E00015,G001,U009,23.25,
E00016,G001,U024,31.53,
E00016,G001,U022,31.53,
E00016,G001,U023,31.53,
E00016,G001,U009,31.53,
E00017,G001,U023,36.80,
E00017,G001,U009,36.79,
E00017,G001,U024,36.79,
E00018,G001,U009,8.91,
E00018,G001,U023,8.90,
E00018,G001,U022,8.90,
E00018,G001,U024,8.90,
E00019,G001,U021,36.64,
E00019,G001,U009,36.64,
E00019,G001,U022,36.63,
E00020,G001,U024,25.69,
E00020,G001,U021,25.67,
E00020,G001,U023,25.67,
E00020,G001,U022,51.35,
E00022,G001,U021,7.42,
E00022,G001,U023,7.41,
E00022,G001,U009,7.41,
E00023,G001,U009,12.00,
E00023,G001,U023,12.00,
E00023,G001,U022,11.99,
E00023,G001,U021,11.99,
E00024,G001,U023,1.57,5
E00024,G001,U022,20.29,65
E00024,G001,U024,9.36,30
E00025,G001,U024,20.94,
E00025,G001,U023,27.92,
E00025,G001,U021,41.88,
E00025,G001,U009,20.94,
E00026,G001,U024,6.75,
E00026,G001,U022,6.74,
E00026,G001,U009,6.74,
E00026,G001,U023,6.74,
E00026,G001,U021,6.74,
E00027,G001,U022,23.76,
E00027,G001,U023,23.76,
E00027,G001,U021,23.75,
E00028,G001,U009,83.83,
E00028,G001,U021,83.82,
E00030,G001,U024,10.51,
E00030,G001,U023,10.51,
E00030,G001,U009,10.50,
E00030,G001,U021,10.50,
E00030,G001,U022,10.50,
E00031,G001,U023,27.11,
E00031,G001,U021,27.10,
E00031,G001,U022,27.10,
E00032,G001,U009,8.55,
E00032,G001,U022,8.55,
E00032,G001,U024,8.54,
E00033,G001,U024,39.04,80
E00033,G001,U021,9.75,20
E00034,G001,U021,5.77,
E00034,G001,U022,5.77,
E00034,G001,U009,5.77,
E00034,G001,U023,5.77,
E00034,G001,U024,5.76,
E00035,G001,U022,28.70,
E00035,G001,U021,28.69,
E00036,G001,U023,13.66,
E00036,G001,U021,13.66,
E00036,G001,U009,13.65,
E00036,G001,U022,13.65,
E00036,G001,U024,13.65,
E00037,G001,U009,20.95,
E00037,G001,U022,20.95,
E00037,G001,U023,20.95,
E00038,G001,U009,67.21,
E00038,G001,U023,67.20,
E00039,G001,U022,13.49,20
E00039,G001,U009,20.22,30
E00039,G001,U024,33.70,50
E00040,G001,U022,10.00,
E00040,G001,U021,4.99,
E00040,G001,U009,14.97,
E00040,G001,U023,12.48,
E00040,G001,U024,14.97,
E00041,G001,U023,10.51,40
E00041,G001,U021,15.76,60
E00042,G001,U023,14.00,
E00042,G001,U024,14.00,
E00042,G001,U009,14.00,
E00042,G001,U021,14.00,
E00043,G001,U021,11.01,
E00043,G001,U022,16.47,
E00043,G001,U024,5.49,
E00043,G001,U009,8.23,
E00043,G001,U023,16.47,
E00045,G001,U009,5.74,
E00045,G001,U023,34.44,
E00045,G001,U022,28.70,
E00045,G001,U024,11.48,
E00046,G001,U021,11.43,10
E00046,G001,U024,22.82,20
E00046,G001,U009,17.11,15
E00046,G001,U023,62.77,55
E00047,G001,U022,3.15,
E00047,G001,U009,3.15,
E00047,G001,U024,3.15,
E00047,G001,U021,3.14,
E00048,G001,U024,10.21,
E00048,G001,U022,10.20,
E00049,G001,U021,21.53,
E00049,G001,U024,21.53,
E00050,G001,U024,14.92,
E00050,G001,U009,5.95,
E00050,G001,U021,17.87,
E00050,G001,U022,5.95,
E00051,G001,U021,46.71,
E00051,G001,U023,46.71,
E00051,G001,U024,46.70,
E00051,G001,U009,46.70,
E00052,G001,U023,17.86,
E00052,G001,U022,17.85,
E00053,G001,U023,18.42,30
E00053,G001,U021,15.33,25
E00053,G001,U009,9.20,15
E00053,G001,U024,6.13,10
E00053,G001,U022,12.27,20
E00054,G001,U021,11.29,
E00054,G001,U022,11.28,
E00055,G001,U023,21.94,
E00055,G001,U009,32.91,
E00055,G001,U021,21.94,
E00056,G002,U003,181.96,
E00056,G002,U020,181.96,
E00056,G002,U008,181.96,
E00056,G002,U018,181.95,
E00056,G002,U006,181.95,
E00057,G002,U006,90.55,35
E00057,G002,U018,77.60,30
E00057,G002,U020,90.53,35
E00058,G002,U008,19.48,
E00058,G002,U021,24.33,
E00058,G002,U006,19.47,
E00058,G002,U003,14.60,
E00059,G002,U020,37.52,
E00059,G002,U006,37.52,
E00059,G002,U003,37.52,
E00059,G002,U008,37.51,
E00059,G002,U021,37.51,
E00060,G002,U021,19.75,
E00060,G002,U003,19.75,
E00060,G002,U006,19.75,
E00060,G002,U018,19.74,
E00060,G002,U020,19.74,
E00060,G002,U008,19.74,
E00061,G002,U008,34.38,
E00061,G002,U003,68.70,
E00061,G002,U021,68.70,
E00061,G002,U006,45.80,
E00061,G002,U020,57.25,
E00062,G002,U008,56.84,
E00062,G002,U003,56.83,
E00063,G002,U020,36.90,
E00063,G002,U008,36.90,
E00063,G002,U006,36.90,
E00063,G002,U021,36.90,
E00063,G002,U003,36.89,
E00064,G002,U020,58.35,45
E00064,G002,U006,38.89,30
E00064,G002,U021,32.41,25
E00065,G002,U018,32.91,
E00065,G002,U021,32.91,
E00065,G002,U006,32.91,
E00065,G002,U008,32.91,
E00066,G002,U018,43.22,
E00066,G002,U021,43.22,
E00066,G002,U008,43.22,
E00066,G002,U003,43.21,
E00067,G002,U020,38.36,
E00067,G002,U018,12.78,
E00067,G002,U021,31.95,
E00067,G002,U003,19.17,
E00068,G002,U003,14.39,
E00068,G002,U021,14.38,
E00068,G002,U018,14.38,
E00069,G002,U020,77.93,
E00069,G002,U021,77.93,
E00069,G002,U006,77.92,
E00069,G002,U008,77.92,
E00070,G002,U018,47.94,
E00070,G002,U021,79.86,
E00070,G002,U003,15.97,
E00070,G002,U020,63.89,
E00070,G002,U006,47.91,
E00071,G002,U021,7.71,
E00071,G002,U018,7.71,
E00071,G002,U020,7.71,
E00071,G002,U008,7.71,
E00071,G002,U003,7.71,
E00071,G002,U006,7.70,
E00072,G002,U018,286.57,
E00072,G002,U020,286.57,
E00072,G002,U006,286.56,
E00073,G002,U006,48.20,
E00073,G002,U003,38.56,
E00073,G002,U008,28.92,
E00074,G002,U018,38.19,20
E00074,G002,U021,28.62,15
E00074,G002,U003,19.08,10
E00074,G002,U020,104.96,55
E00075,G002,U020,10.98,
E00075,G002,U018,54.85,
E00075,G002,U008,21.94,
E00077,G002,U021,71.62,
E00077,G002,U003,71.62,
E00077,G002,U020,71.62,
E00078,G002,U018,19.59,
E00078,G002,U020,19.59,
E00078,G002,U003,19.59,
E00078,G002,U021,19.58,
E00078,G002,U008,19.58,
E00079,G002,U003,34.35,
E00079,G002,U008,34.35,
E00079,G002,U021,34.35,
E00079,G002,U006,34.35,
E00079,G002,U018,34.35,
E00080,G002,U021,63.04,30
E00080,G002,U006,20.99,10
E00080,G002,U018,62.99,30
E00080,G002,U003,10.49,5
E00080,G002,U008,41.99,20
E00080,G002,U020,10.49,5
E00081,G002,U003,9.41,10
E00081,G002,U008,9.40,10
E00081,G002,U018,4.70,5
E00081,G002,U006,32.90,35
E00081,G002,U020,37.60,40
E00082,G002,U018,28.83,
E00082,G002,U021,28.82,
E00082,G002,U008,28.82,
E00082,G002,U003,28.82,
E00083,G002,U018,103.15,
E00083,G002,U020,103.15,
E00083,G002,U006,103.15,
E00083,G002,U021,103.14,
E00084,G002,U021,7.24,
E00084,G002,U008,18.05,
E00084,G002,U003,21.67,
E00084,G002,U006,14.44,
E00085,G002,U021,43.77,
E00085,G002,U020,43.77,
E00085,G002,U008,43.76,
E00085,G002,U018,43.76,
E00085,G002,U006,43.76,
E00087,G002,U003,8.88,
E00087,G002,U020,8.88,
E00087,G002,U006,8.88,
E00087,G002,U021,8.87,
E00088,G002,U006,483.68,
E00088,G002,U008,483.67,
E00089,G002,U006,350.13,
E00089,G002,U003,350.13,
E00090,G002,U003,20.38,
E00090,G002,U006,50.90,
E00090,G002,U008,40.72,
E00090,G002,U020,61.08,
E00091,G002,U008,158.92,
E00091,G002,U021,158.92,
E00091,G002,U020,158.92,
E00091,G002,U006,158.92,
E00092,G002,U020,84.91,
E00092,G002,U003,56.59,
E00092,G002,U008,56.59,
E00094,G002,U021,74.73,
E00094,G002,U006,74.72,
E00095,G002,U006,8.31,
E00095,G002,U018,8.30,
E00095,G002,U003,8.30,
E00095,G002,U020,8.30,
E00095,G002,U008,8.30,
E00096,G003,U021,7.69,10
E00096,G003,U015,69.12,90
E00097,G003,U009,14.15,
E00097,G003,U021,14.15,
E00097,G003,U015,14.15,
E00097,G003,U006,14.14,
E00098,G003,U006,8.36,15
E00098,G003,U015,5.55,10
E00098,G003,U009,22.23,40
E00098,G003,U013,19.45,35
E00099,G003,U021,16.70,
E00099,G003,U013,16.69,
E00099,G003,U006,16.69,
E00099,G003,U015,16.69,
E00099,G003,U009,16.69,
E00100,G003,U021,8.36,
E00100,G003,U006,8.36,
E00101,G003,U009,9.29,
E00101,G003,U006,18.54,
E00101,G003,U015,18.54,
E00102,G003,U015,19.46,
E00102,G003,U013,19.46,
E00102,G003,U009,19.46,
E00102,G003,U021,19.46,
E00102,G003,U006,19.46,
E00103,G003,U013,14.62,
E00103,G003,U006,10.95,
E00103,G003,U021,18.25,
E00104,G003,U009,19.26,
E00104,G003,U006,19.26,
E00104,G003,U021,19.26,
E00105,G003,U013,5.93,
E00105,G003,U015,5.93,
E00106,G003,U009,20.82,
E00106,G003,U015,20.81,
E00106,G003,U013,20.81,
E00106,G003,U021,20.81,
E00107,G003,U006,10.89,
E00107,G003,U013,10.89,
E00107,G003,U021,10.89,
E00107,G003,U015,10.88,
E00107,G003,U009,10.88,
E00108,G003,U021,26.00,
E00108,G003,U015,26.00,
E00109,G003,U021,10.57,
E00109,G003,U013,52.85,
E00110,G003,U006,17.40,
E00110,G003,U013,20.85,
E00110,G003,U021,10.42,
E00110,G003,U009,6.95,
E00111,G003,U015,3.36,10
E00111,G003,U021,8.34,25
E00111,G003,U006,5.00,15
E00111,G003,U009,13.35,40
E00111,G003,U013,3.33,10
E00112,G003,U013,14.88,
E00112,G003,U021,14.87,
E00112,G003,U006,14.87,
E00113,G003,U013,6.20,15
E00113,G003,U015,12.33,30
E00113,G003,U009,10.28,25
E00113,G003,U021,6.16,15
E00113,G003,U006,6.16,15
E00114,G003,U013,36.82,
E00114,G003,U009,36.82,
E00114,G003,U021,36.82,
E00114,G003,U015,36.82,
E00115,G003,U013,27.17,
E00115,G003,U006,32.57,
E00115,G003,U009,32.57,
E00115,G003,U015,10.85,
E00115,G003,U021,5.42,
E00116,G003,U013,3.30,
E00116,G003,U009,1.32,
E00116,G003,U021,3.96,
E00116,G003,U006,2.64,
E00117,G003,U015,7.41,
E00117,G003,U006,7.41,
E00117,G003,U009,7.41,
E00117,G003,U013,7.41,
E00118,G003,U009,13.78,
E00118,G003,U015,13.78,
E00118,G003,U006,13.77,
E00118,G003,U013,13.77,
E00119,G003,U021,26.94,
E00119,G003,U013,17.96,
E00120,G003,U006,27.66,
E00120,G003,U013,27.66,
E00120,G003,U009,27.66,
E00120,G003,U015,27.66,
E00120,G003,U021,27.65,
E00121,G003,U021,13.79,
E00121,G003,U006,13.79,
E00121,G003,U009,13.79,
E00121,G003,U015,13.79,
E00121,G003,U013,13.78,
E00122,G003,U015,28.65,
E00122,G003,U009,28.63,
E00122,G003,U013,143.19,
E00123,G003,U013,34.81,90
E00123,G003,U015,3.86,10
E00124,G003,U015,8.85,
E00124,G003,U013,8.85,
E00124,G003,U009,8.84,
E00125,G003,U021,44.70,
E00125,G003,U009,44.69,
E00125,G003,U013,44.69,
E00126,G003,U013,15.50,
E00126,G003,U009,15.50,
E00126,G003,U006,15.49,
E00126,G003,U021,15.49,
E00126,G003,U015,15.49,
E00127,G003,U009,22.88,
E00127,G003,U015,15.24,
E00127,G003,U021,30.49,
E00127,G003,U006,7.62,
E00128,G003,U013,19.46,
E00128,G003,U021,19.46,
E00128,G003,U006,19.45,
E00129,G003,U015,24.14,
E00129,G003,U013,24.14,
E00129,G003,U006,24.13,
E00130,G003,U009,42.81,
E00130,G003,U015,42.80,
E00131,G003,U021,14.15,
E00131,G003,U013,14.15,
E00131,G003,U006,14.14,
E00131,G003,U015,14.14,
E00132,G003,U013,6.79,10
E00132,G003,U021,16.90,25
E00132,G003,U009,20.28,30
E00132,G003,U015,13.52,20
E00132,G003,U006,10.14,15
E00134,G003,U013,11.00,
E00134,G003,U006,10.99,
E00134,G003,U015,10.99,
E00134,G003,U021,1.83,
E00135,G003,U021,20.15,
E00135,G003,U009,20.14,
E00135,G003,U006,20.14,
E00136,G003,U015,9.39,
E00136,G003,U009,9.39,
E00136,G003,U013,9.39,
E00136,G003,U021,9.39,
E00136,G003,U006,9.38,
E00137,G003,U021,22.84,35
E00137,G003,U013,3.26,5
E00137,G003,U009,3.26,5
E00137,G003,U015,22.83,35
E00137,G003,U006,13.04,20
E00138,G003,U021,9.19,
E00138,G003,U013,9.19,
E00138,G003,U015,9.19,
E00138,G003,U006,9.19,
E00139,G003,U013,21.30,
E00139,G003,U009,21.30,
E00139,G003,U006,21.29,
E00139,G003,U021,21.29,
E00139,G003,U015,21.29,
E00140,G003,U006,12.25,
E00140,G003,U021,12.25,
E00140,G003,U015,12.25,
E00141,G003,U009,12.17,
E00141,G003,U015,12.17,
E00141,G003,U021,12.17,
E00141,G003,U013,12.16,
E00141,G003,U006,12.16,
E00142,G003,U009,23.58,65
E00142,G003,U015,5.43,15
E00142,G003,U006,7.25,20
E00143,G003,U013,42.85,
E00143,G003,U021,42.84,
E00144,G003,U013,98.09,
E00144,G003,U015,98.08,
E00145,G003,U015,36.57,
E00145,G003,U009,36.57,
E00145,G003,U021,36.57,
E00147,G003,U015,18.85,
E00147,G003,U006,18.85,
E00147,G003,U013,18.85,
E00147,G003,U009,18.84,
E00148,G003,U013,21.17,
E00148,G003,U015,10.57,
E00148,G003,U006,21.15,
E00148,G003,U021,31.73,
E00149,G003,U021,16.60,
E00149,G003,U009,19.91,
E00150,G003,U015,40.11,
E00150,G003,U013,40.10,
E00150,G003,U009,40.10,
E00151,G003,U009,27.11,
E00151,G003,U015,27.11,
E00152,G003,U015,16.78,
E00152,G003,U006,16.77,
E00153,G003,U006,53.79,60
E00153,G003,U013,4.47,5
E00153,G003,U015,4.47,5
E00153,G003,U021,4.47,5
E00153,G003,U009,22.39,25
E00154,G003,U021,21.37,
E00154,G003,U015,21.37,
E00154,G003,U013,21.37,
E00154,G003,U006,21.36,
E00154,G003,U009,21.36,
E00155,G003,U015,12.43,
E00155,G003,U013,12.42,
E00155,G003,U006,12.42,
E00155,G003,U009,12.42,
E00156,G004,U011,66.10,
E00156,G004,U023,66.10,
E00156,G004,U022,66.10,
E00156,G004,U008,66.10,
E00156,G004,U018,66.10,
E00157,G004,U011,34.02,
E00157,G004,U008,102.04,
E00157,G004,U023,85.03,
E00157,G004,U018,34.01,
E00158,G004,U011,71.09,
E00158,G004,U022,42.64,
E00158,G004,U023,85.28,
E00158,G004,U018,56.85,
E00158,G004,U008,56.85,
E00159,G004,U022,62.27,
E00159,G004,U023,62.26,
E00159,G004,U008,62.26,
E00160,G004,U008,7.84,
E00160,G004,U023,10.42,
E00160,G004,U011,15.63,
E00160,G004,U022,13.02,
E00160,G004,U018,13.02,
E00161,G004,U008,66.14,
E00161,G004,U023,66.13,
E00161,G004,U022,66.13,
E00161,G004,U011,66.13,
E00162,G004,U011,298.55,
E00162,G004,U008,298.54,
E00162,G004,U018,298.54,
E00163,G004,U008,13.85,
E00163,G004,U018,13.85,
E00163,G004,U022,13.85,
E00163,G004,U011,13.84,
E00163,G004,U023,13.84,
E00164,G004,U008,43.25,
E00164,G004,U018,43.25,
E00164,G004,U023,43.24,
E00164,G004,U022,43.24,
E00164,G004,U011,43.24,
E00165,G004,U022,48.59,
E00165,G004,U011,48.59,
E00165,G004,U023,48.59,
E00165,G004,U018,48.58,
E00165,G004,U008,48.58,
E00166,G004,U023,173.50,
E00166,G004,U011,173.50,
E00167,G004,U023,170.10,
E00167,G004,U022,170.10,
E00167,G004,U008,170.09,
E00167,G004,U018,170.09,
E00168,G004,U023,40.64,
E00168,G004,U022,40.64,
E00168,G004,U011,40.63,
E00168,G004,U008,40.63,
E00169,G004,U023,40.64,
E00169,G004,U008,40.64,
E00169,G004,U018,40.64,
E00169,G004,U022,40.64,
E00169,G004,U011,40.64,
E00170,G004,U022,128.06,
E00170,G004,U011,128.06,
E00170,G004,U023,128.06,
E00170,G004,U008,128.06,
E00170,G004,U018,128.06,
E00171,G004,U018,109.14,95
E00171,G004,U011,5.74,5
E00172,G004,U018,57.03,
E00172,G004,U008,57.02,
E00173,G004,U011,35.23,
E00173,G004,U022,35.22,
E00173,G004,U008,35.22,
E00174,G004,U018,19.59,
E00174,G004,U023,19.59,
E00174,G004,U011,19.59,
E00174,G004,U008,19.58,
E00174,G004,U022,19.58,
E00175,G004,U018,15.88,15
E00175,G004,U022,10.57,10
E00175,G004,U023,21.15,20
E00175,G004,U011,52.88,50
E00175,G004,U008,5.28,5
E00176,G004,U022,17.80,
E00176,G004,U008,17.79,
E00176,G004,U018,17.79,
E00176,G004,U023,17.79,
E00177,G004,U011,53.00,
E00177,G004,U023,52.99,
E00177,G004,U008,52.99,
E00177,G004,U018,52.99,
E00178,G004,U022,231.21,
E00178,G004,U018,231.21,
E00178,G004,U023,231.21,
E00179,G004,U008,137.71,
E00179,G004,U011,137.70,
E00180,G004,U008,20.13,
E00180,G004,U022,20.13,
E00180,G004,U018,20.12,
E00180,G004,U011,20.12,
E00180,G004,U023,20.12,
E00181,G004,U022,45.21,55
E00181,G004,U008,8.22,10
E00181,G004,U023,28.77,35
E00182,G004,U008,56.49,
E00182,G004,U023,56.48,
E00182,G004,U011,56.48,
E00182,G004,U022,56.48,
E00182,G004,U018,56.48,
E00183,G004,U022,91.23,
E00183,G004,U018,182.41,
E00183,G004,U008,60.80,
E00183,G004,U011,182.41,
E00183,G004,U023,121.60,
E00184,G004,U011,12.29,10
E00184,G004,U023,24.54,20
E00184,G004,U018,12.27,10
E00184,G004,U022,24.54,20
E00184,G004,U008,49.08,40
E00185,G004,U022,11.54,
E00185,G004,U008,11.53,
E00185,G004,U018,11.53,
E00186,G005,U008,6.11,
E00186,G005,U002,6.11,
E00186,G005,U009,6.10,
E00186,G005,U024,6.10,
E00186,G005,U023,6.10,
E00187,G005,U009,2.41,
E00187,G005,U002,7.17,
E00187,G005,U023,14.35,
E00187,G005,U003,2.39,
E00187,G005,U013,14.35,
E00188,G005,U003,11.96,30
E00188,G005,U009,15.93,40
E00188,G005,U008,11.95,30
E00189,G005,U011,11.75,
E00189,G005,U023,11.74,
E00189,G005,U009,11.74,
E00190,G005,U024,4.50,
E00190,G005,U013,4.50,
E00190,G005,U009,4.50,
E00190,G005,U023,4.49,
E00190,G005,U011,4.49,
E00190,G005,U003,4.49,
E00190,G005,U008,4.49,
E00191,G005,U008,10.34,20
E00191,G005,U009,5.16,10
E00191,G005,U024,10.32,20
E00191,G005,U023,5.16,10
E00191,G005,U002,10.32,20
E00191,G005,U011,10.32,20
E00192,G005,U023,6.82,
E00192,G005,U013,6.81,
E00192,G005,U008,6.81,
E00192,G005,U011,6.81,
E00192,G005,U024,6.81,
E00192,G005,U002,6.81,
E00193,G005,U003,24.81,
E00193,G005,U013,24.81,
E00193,G005,U024,24.81,
E00193,G005,U011,24.81,
E00193,G005,U009,24.81,
E00193,G005,U023,24.81,
E00193,G005,U008,24.81,
E00193,G005,U002,24.81,
E00194,G005,U013,62.45,
E00194,G005,U008,62.45,
E00194,G005,U011,62.44,
E00195,G005,U002,12.86,
E00195,G005,U003,12.86,
E00195,G005,U009,12.86,
E00195,G005,U011,12.86,
E00195,G005,U008,12.86,
E00195,G005,U013,12.86,
E00195,G005,U024,12.85,
E00195,G005,U023,12.85,
E00196,G005,U011,68.15,95
E00196,G005,U008,3.58,5
E00197,G005,U002,6.12,
E00197,G005,U013,3.04,
E00197,G005,U023,3.04,
E00197,G005,U003,5.07,
E00197,G005,U009,3.04,
E00197,G005,U011,5.07,
E00197,G005,U024,6.08,
E00197,G005,U008,1.01,
E00198,G005,U011,59.68,
E00198,G005,U008,39.78,
E00198,G005,U009,119.34,
E00199,G005,U008,7.21,
E00199,G005,U011,7.21,
E00199,G005,U013,7.21,
E00199,G005,U023,7.21,
E00199,G005,U009,7.21,
E00199,G005,U024,7.21,
E00199,G005,U003,7.21,
E00199,G005,U002,7.20,
E00200,G005,U003,44.28,25
E00200,G005,U008,8.84,5
E00200,G005,U011,44.23,25
E00200,G005,U024,17.69,10
E00200,G005,U009,26.54,15
E00200,G005,U013,17.69,10
E00200,G005,U023,8.84,5
E00200,G005,U002,8.84,5
E00201,G005,U003,12.87,
E00201,G005,U008,12.86,
E00202,G005,U023,3.66,
E00202,G005,U002,3.66,
E00202,G005,U011,3.66,
E00202,G005,U024,3.66,
E00202,G005,U008,3.66,
E00202,G005,U009,3.65,
E00202,G005,U003,3.65,
E00203,G005,U009,5.96,
E00203,G005,U003,5.96,
E00203,G005,U002,5.96,
E00203,G005,U011,5.96,
E00203,G005,U008,5.96,
E00203,G005,U013,5.96,
E00203,G005,U024,5.96,
E00204,G005,U023,9.57,
E00204,G005,U009,9.57,
E00204,G005,U003,9.57,
E00204,G005,U008,9.56,
E00204,G005,U002,9.56,
E00204,G005,U024,9.56,
E00204,G005,U011,9.56,
E00204,G005,U013,9.56,
E00205,G005,U008,11.28,20
E00205,G005,U024,45.12,80
E00206,G005,U013,4.36,
E00206,G005,U003,4.36,
E00206,G005,U009,4.36,
E00206,G005,U002,4.36,
E00206,G005,U023,4.36,
E00206,G005,U024,4.35,
E00207,G005,U011,92.71,
E00207,G005,U024,92.70,
E00209,G005,U008,9.56,
E00209,G005,U009,9.56,
E00209,G005,U013,9.56,
E00209,G005,U003,9.56,
E00209,G005,U024,9.56,
E00210,G005,U008,8.41,
E00210,G005,U023,8.41,
E00210,G005,U009,8.41,
E00210,G005,U011,8.41,
E00210,G005,U024,8.40,
E00210,G005,U002,8.40,
E00210,G005,U003,8.40,
E00211,G005,U023,15.65,
E00211,G005,U009,15.64,
E00211,G005,U002,15.64,
E00211,G005,U008,15.64,
E00211,G005,U011,15.64,
E00211,G005,U013,15.64,
E00211,G005,U024,15.64,
E00212,G005,U013,12.80,
E00212,G005,U024,12.80,
E00212,G005,U002,12.80,
E00212,G005,U023,12.79,
E00212,G005,U009,12.79,
E00213,G005,U008,7.96,
E00213,G005,U013,7.96,
E00213,G005,U009,7.96,
E00213,G005,U002,7.96,
E00213,G005,U024,7.96,
E00213,G005,U023,7.96,
E00213,G005,U003,7.96,
E00213,G005,U011,7.95,
E00214,G005,U003,9.49,
E00214,G005,U008,9.49,
E00214,G005,U023,9.49,
E00214,G005,U024,9.49,
E00214,G005,U011,9.49,
E00214,G005,U009,9.48,
E00214,G005,U013,9.48,
E00215,G005,U002,17.55,
E00215,G005,U011,17.54,
E00215,G005,U024,17.54,
E00215,G005,U003,17.54,
E00215,G005,U023,17.54,
E00215,G005,U008,17.54,
E00215,G005,U013,17.54,
E00215,G005,U009,17.54,
E00216,G005,U011,12.88,
E00216,G005,U009,12.88,
E00216,G005,U013,12.87,
E00216,G005,U008,12.87,
E00216,G005,U003,12.87,
E00217,G005,U003,29.08,50
E00217,G005,U024,29.08,50
E00218,G005,U002,26.19,
E00218,G005,U008,20.95,
E00219,G005,U002,23.48,
E00219,G005,U011,23.48,
E00219,G005,U009,23.48,
E00219,G005,U008,23.48,
E00219,G005,U013,23.48,
E00219,G005,U003,23.47,
E00220,G005,U011,14.14,
E00220,G005,U002,14.13,
E00220,G005,U008,14.13,
E00220,G005,U009,14.13,
E00221,G005,U024,7.83,20
E00221,G005,U023,9.78,25
E00221,G005,U011,21.52,55
E00222,G005,U011,13.49,
E00222,G005,U023,13.49,
E00222,G005,U024,13.49,
E00222,G005,U013,13.49,
E00222,G005,U002,13.48,
E00222,G005,U003,13.48,
E00222,G005,U008,13.48,
E00223,G005,U023,31.73,
E00223,G005,U002,31.73,
E00224,G005,U008,2.99,
E00224,G005,U013,2.99,
E00224,G005,U003,2.98,
E00224,G005,U023,2.98,
E00224,G005,U002,2.98,
E00224,G005,U011,2.98,
E00224,G005,U009,2.98,
E00225,G005,U002,3.83,
E00225,G005,U008,3.83,
E00225,G005,U013,3.83,
E00225,G005,U011,3.83,
E00225,G005,U009,3.82,
E00226,G005,U023,6.19,
E00226,G005,U002,6.19,
E00226,G005,U013,6.19,
E00226,G005,U009,6.18,
E00226,G005,U008,6.18,
E00227,G005,U011,9.25,
E00227,G005,U009,9.25,
E00227,G005,U013,9.24,
E00228,G005,U009,2.49,5
E00228,G005,U011,2.47,5
E00228,G005,U023,14.85,30
E00228,G005,U008,2.47,5
E00228,G005,U002,9.90,20
E00228,G005,U013,17.32,35
E00229,G005,U002,21.41,
E00229,G005,U003,16.04,
E00229,G005,U008,10.69,
E00229,G005,U013,10.69,
E00230,G005,U023,7.50,10
E00230,G005,U013,3.74,5
E00230,G005,U008,3.74,5
E00230,G005,U011,44.90,60
E00230,G005,U024,7.48,10
E00230,G005,U002,7.48,10
E00231,G005,U009,25.03,
E00231,G005,U002,25.02,
E00231,G005,U003,25.02,
E00232,G005,U003,48.87,25
E00232,G005,U013,48.86,25
E00232,G005,U002,9.77,5
E00232,G005,U023,87.94,45
E00233,G005,U023,9.04,
E00233,G005,U011,9.04,
E00233,G005,U024,9.04,
E00233,G005,U009,9.03,
E00233,G005,U008,9.03,
E00233,G005,U002,9.03,
E00234,G005,U024,29.71,
E00234,G005,U008,59.42,
E00235,G005,U011,10.91,
E00235,G005,U008,10.91,
E00235,G005,U009,10.91,
E00235,G005,U002,10.90,
E00236,G005,U024,13.54,20
E00236,G005,U011,6.77,10
E00236,G005,U023,6.77,10
E00236,G005,U013,27.08,40
E00236,G005,U003,13.54,20
E00237,G005,U003,7.07,
E00237,G005,U008,7.07,
E00237,G005,U009,7.06,
E00238,G005,U023,4.65,
E00238,G005,U013,13.91,
E00238,G005,U011,9.27,
E00238,G005,U008,9.27,
E00238,G005,U002,18.54,
E00239,G005,U002,16.99,
E00239,G005,U011,16.99,
E00239,G005,U024,16.98,
E00239,G005,U023,16.98,
E00240,G005,U003,2.74,
E00240,G005,U011,16.39,
E00240,G005,U024,13.66,
E00240,G005,U023,10.93,
E00241,G005,U013,11.69,
E00241,G005,U024,11.69,
E00241,G005,U002,11.68,
E00242,G005,U011,16.70,10
E00242,G005,U013,50.07,30
E00242,G005,U002,16.69,10
E00242,G005,U024,50.07,30
E00242,G005,U003,25.03,15
E00242,G005,U023,8.34,5
E00243,G005,U011,6.81,
E00243,G005,U003,6.80,
E00243,G005,U008,6.80,
E00244,G005,U009,7.60,
E00244,G005,U024,9.46,
E00244,G005,U002,7.57,
E00244,G005,U003,9.46,
E00245,G005,U023,61.95,
E00245,G005,U013,61.95,
E00245,G005,U003,61.95,
E00246,G005,U003,18.58,10
E00246,G005,U009,37.14,20
E00246,G005,U011,92.86,50
E00246,G005,U013,37.14,20
E00247,G005,U024,20.07,
E00247,G005,U023,6.68,
E00248,G005,U023,38.82,55
E00248,G005,U024,14.11,20
E00248,G005,U009,17.64,25
E00249,G005,U009,9.05,
E00249,G005,U003,22.51,
E00249,G005,U002,22.51,
E00249,G005,U013,4.50,
E00249,G005,U008,9.00,
E00249,G005,U024,9.00,
E00249,G005,U011,9.00,
E00249,G005,U023,4.50,
E00250,G005,U003,10.39,
E00250,G005,U009,12.97,
E00250,G005,U002,10.38,
E00250,G005,U024,5.19,
E00250,G005,U008,10.38,
E00250,G005,U011,12.97,
E00251,G005,U002,12.99,
E00251,G005,U008,12.99,
E00251,G005,U013,12.99,
E00251,G005,U003,12.99,
E00251,G005,U009,12.98,
E00252,G005,U023,16.04,
E00252,G005,U013,16.03,
E00252,G005,U002,16.03,
E00253,G005,U009,12.56,
E00253,G005,U011,12.55,
E00253,G005,U023,12.55,
E00253,G005,U008,12.55,
E00253,G005,U003,12.55,
E00254,G005,U013,8.55,
E00254,G005,U023,8.55,
E00254,G005,U009,8.55,
E00254,G005,U002,8.55,
E00254,G005,U011,8.55,
E00254,G005,U024,8.55,
E00255,G005,U011,5.95,
E00255,G005,U002,5.95,
E00255,G005,U013,5.95,
E00255,G005,U024,5.94,
E00255,G005,U023,5.94,
E00255,G005,U009,5.94,
E00256,G006,U019,34.46,
E00256,G006,U011,34.45,
E00257,G006,U019,21.51,
E00257,G006,U011,64.48,
E00257,G006,U007,32.24,
E00257,G006,U023,64.48,
E00258,G006,U023,105.57,
E00258,G006,U019,105.56,
E00258,G006,U011,105.56,
E00259,G006,U007,43.35,
E00259,G006,U023,43.34,
E00260,G006,U011,84.35,
E00260,G006,U007,84.34,
E00260,G006,U019,84.34,
E00260,G006,U023,84.34,
E00261,G006,U019,256.71,
E00261,G006,U023,256.70,
E00262,G006,U011,82.35,
E00262,G006,U007,82.35,
E00262,G006,U023,82.35,
E00264,G006,U023,74.17,
E00264,G006,U019,111.24,
E00264,G006,U011,37.08,
E00266,G006,U007,215.70,
E00266,G006,U023,215.69,
E00267,G006,U019,42.68,
E00267,G006,U023,42.67,
E00268,G006,U007,40.81,
E00268,G006,U019,40.81,
E00269,G006,U023,33.98,
E00269,G006,U007,33.97,
E00269,G006,U011,33.97,
E00270,G006,U011,12.70,
E00270,G006,U007,63.46,
E00271,G006,U007,63.33,
E00271,G006,U011,63.32,
E00272,G006,U007,19.51,30
E00272,G006,U011,45.51,70
E00273,G006,U007,61.59,
E00273,G006,U019,61.59,
E00274,G006,U007,40.75,
E00274,G006,U011,40.75,
E00274,G006,U023,40.74,
E00274,G006,U019,40.74,
E00275,G006,U019,81.14,10
E00275,G006,U011,486.79,60
E00275,G006,U023,40.56,5
E00275,G006,U007,202.83,25
E00276,G006,U023,43.80,40
E00276,G006,U011,21.89,20
E00276,G006,U007,21.89,20
E00276,G006,U019,21.89,20
E00277,G006,U007,31.31,55
E00277,G006,U019,25.61,45
E00278,G006,U011,416.95,
E00278,G006,U019,333.55,
E00279,G006,U007,442.75,
E00279,G006,U011,442.75,
E00280,G006,U011,46.86,
E00280,G006,U019,46.86,
E00281,G001,U022,360.00,
E00281,G001,U009,360.00,
E00281,G001,U023,360.00,
E00281,G001,U021,360.00,
E00281,G001,U024,360.00,
E00282,G001,U022,360.00,
E00282,G001,U009,360.00,
E00282,G001,U023,360.00,
E00282,G001,U021,360.00,
E00282,G001,U024,360.00,
E00283,G001,U022,360.00,
E00283,G001,U009,360.00,
E00283,G001,U023,360.00,
E00283,G001,U021,360.00,
E00283,G001,U024,360.00,
E00284,G001,U022,360.00,
E00284,G001,U009,360.00,
E00284,G001,U023,360.00,
E00284,G001,U021,360.00,
E00284,G001,U024,360.00,
E00285,G001,U022,360.00,
E00285,G001,U009,360.00,
E00285,G001,U023,360.00,
E00285,G001,U021,360.00,
E00285,G001,U024,360.00,
E00286,G001,U022,360.00,
E00286,G001,U009,360.00,
E00286,G001,U023,360.00,
E00286,G001,U021,360.00,
E00286,G001,U024,360.00,
E00287,G001,U022,360.00,
E00287,G001,U009,360.00,
E00287,G001,U023,360.00,
E00287,G001,U021,360.00,
E00287,G001,U024,360.00,
E00288,G001,U022,360.00,
E00288,G001,U009,360.00,
E00288,G001,U023,360.00,
E00288,G001,U021,360.00,
E00288,G001,U024,360.00,
E00289,G001,U022,15.80,
E00289,G001,U009,15.80,
E00289,G001,U023,15.80,
E00289,G001,U021,15.80,
E00289,G001,U024,15.80,
E00290,G001,U022,15.80,
E00290,G001,U009,15.80,
E00290,G001,U023,15.80,
E00290,G001,U021,15.80,
E00290,G001,U024,15.80,
E00291,G001,U022,15.80,
E00291,G001,U009,15.80,
E00291,G001,U023,15.80,
E00291,G001,U021,15.80,
E00291,G001,U024,15.80,
E00292,G001,U022,15.80,
E00292,G001,U009,15.80,
E00292,G001,U023,15.80,
E00292,G001,U021,15.80,
E00292,G001,U024,15.80,
E00293,G001,U022,15.80,
E00293,G001,U009,15.80,
E00293,G001,U023,15.80,
E00293,G001,U021,15.80,
E00293,G001,U024,15.80,
E00294,G001,U022,15.80,
E00294,G001,U009,15.80,
E00294,G001,U023,15.80,
E00294,G001,U021,15.80,
E00294,G001,U024,15.80,
E00295,G001,U022,15.80,
E00295,G001,U009,15.80,
E00295,G001,U023,15.80,
E00295,G001,U021,15.80,
E00295,G001,U024,15.80,
E00296,G001,U022,15.80,
E00296,G001,U009,15.80,
E00296,G001,U023,15.80,
E00296,G001,U021,15.80,
E00296,G001,U024,15.80,
E00297,G001,U022,15.80,
E00297,G001,U009,15.80,
E00297,G001,U023,15.80,
E00297,G001,U021,15.80,
E00297,G001,U024,15.80,
E00298,G003,U006,450.00,
E00298,G003,U015,450.00,
E00298,G003,U013,450.00,
E00298,G003,U009,450.00,
E00298,G003,U021,450.00,
E00299,G003,U006,450.00,
E00299,G003,U015,450.00,
E00299,G003,U013,450.00,
E00299,G003,U009,450.00,
E00299,G003,U021,450.00,
E00300,G003,U006,450.00,
E00300,G003,U015,450.00,
E00300,G003,U013,450.00,
E00300,G003,U009,450.00,
E00300,G003,U021,450.00,
E00301,G003,U006,450.00,
E00301,G003,U015,450.00,
E00301,G003,U013,450.00,
E00301,G003,U009,450.00,
E00301,G003,U021,450.00,
E00302,G003,U006,450.00,
E00302,G003,U015,450.00,
E00302,G003,U013,450.00,
E00302,G003,U009,450.00,
E00302,G003,U021,450.00,
E00303,G003,U006,450.00,
E00303,G003,U015,450.00,
E00303,G003,U013,450.00,
E00303,G003,U009,450.00,
E00303,G003,U021,450.00,
E00304,G003,U006,450.00,
E00304,G003,U015,450.00,
E00304,G003,U013,450.00,
E00304,G003,U009,450.00,
E00304,G003,U021,450.00,
E00305,G003,U006,450.00,
E00305,G003,U015,450.00,
E00305,G003,U013,450.00,
E00305,G003,U009,450.00,
E00305,G003,U021,450.00,
E00306,G003,U006,22.00,
E00306,G003,U015,22.00,
E00306,G003,U013,22.00,
E00306,G003,U009,22.00,
E00306,G003,U021,22.00,
E00307,G003,U006,22.00,
E00307,G003,U015,22.00,
E00307,G003,U013,22.00,
E00307,G003,U009,22.00,
E00307,G003,U021,22.00,
E00308,G003,U006,22.00,
E00308,G003,U015,22.00,
E00308,G003,U013,22.00,
E00308,G003,U009,22.00,
E00308,G003,U021,22.00,
E00309,G003,U006,22.00,
E00309,G003,U015,22.00,
E00309,G003,U013,22.00,
E00309,G003,U009,22.00,
E00309,G003,U021,22.00,
E00310,G003,U006,22.00,
E00310,G003,U015,22.00,
E00310,G003,U013,22.00,
E00310,G003,U009,22.00,
E00310,G003,U021,22.00,
E00311,G003,U006,22.00,
E00311,G003,U015,22.00,
E00311,G003,U013,22.00,
E00311,G003,U009,22.00,
E00311,G003,U021,22.00,
E00312,G003,U006,22.00,
E00312,G003,U015,22.00,
E00312,G003,U013,22.00,
E00312,G003,U009,22.00,
E00312,G003,U021,22.00,
E00313,G003,U006,22.00,
E00313,G003,U015,22.00,
E00313,G003,U013,22.00,
E00313,G003,U009,22.00,
E00313,G003,U021,22.00,
E00314,G003,U006,22.00,
E00314,G003,U015,22.00,
E00314,G003,U013,22.00,
E00314,G003,U009,22.00,
E00314,G003,U021,22.00,
E00315,G003,U006,22.00,
E00315,G003,U015,22.00,
E00315,G003,U013,22.00,
E00315,G003,U009,22.00,
E00315,G003,U021,22.00,
E00316,G003,U006,22.00,
E00316,G003,U015,22.00,
E00316,G003,U013,22.00,
E00316,G003,U009,22.00,
E00316,G003,U021,22.00,
E00317,G003,U006,22.00,
E00317,G003,U015,22.00,
E00317,G003,U013,22.00,
E00317,G003,U009,22.00,
E00317,G003,U021,22.00,
E00318,G003,U006,22.00,
E00318,G003,U015,22.00,
E00318,G003,U013,22.00,
E00318,G003,U009,22.00,
E00318,G003,U021,22.00,
E00319,G003,U006,22.00,
E00319,G003,U015,22.00,
E00319,G003,U013,22.00,
E00319,G003,U009,22.00,
E00319,G003,U021,22.00,
E00320,G003,U006,22.00,
E00320,G003,U015,22.00,
E00320,G003,U013,22.00,
E00320,G003,U009,22.00,
E00320,G003,U021,22.00,
E00321,G003,U006,22.00,
E00321,G003,U015,22.00,
E00321,G003,U013,22.00,
E00321,G003,U009,22.00,
E00321,G003,U021,22.00,
E00322,G003,U006,22.00,
E00322,G003,U015,22.00,
E00322,G003,U013,22.00,
E00322,G003,U009,22.00,
E00322,G003,U021,22.00,
E00323,G003,U006,22.00,
E00323,G003,U015,22.00,
E00323,G003,U013,22.00,
E00323,G003,U009,22.00,
E00323,G003,U021,22.00,
E00324,G003,U006,22.00,
E00324,G003,U015,22.00,
E00324,G003,U013,22.00,
E00324,G003,U009,22.00,
E00324,G003,U021,22.00,
E00325,G003,U006,22.00,
E00325,G003,U015,22.00,
E00325,G003,U013,22.00,
E00325,G003,U009,22.00,
E00325,G003,U021,22.00,
E00326,G003,U006,22.00,
E00326,G003,U015,22.00,
E00326,G003,U013,22.00,
E00326,G003,U009,22.00,
E00326,G003,U021,22.00,
E00327,G003,U006,22.00,
E00327,G003,U015,22.00,
E00327,G003,U013,22.00,
E00327,G003,U009,22.00,
E00327,G003,U021,22.00,
E00328,G003,U006,22.00,
E00328,G003,U015,22.00,
E00328,G003,U013,22.00,
E00328,G003,U009,22.00,
E00328,G003,U021,22.00,
E00329,G003,U006,22.00,
E00329,G003,U015,22.00,
E00329,G003,U013,22.00,
E00329,G003,U009,22.00,
E00329,G003,U021,22.00,
E00330,G003,U006,22.00,
E00330,G003,U015,22.00,
E00330,G003,U013,22.00,
E00330,G003,U009,22.00,
E00330,G003,U021,22.00,
E00331,G003,U006,22.00,
E00331,G003,U015,22.00,
E00331,G003,U013,22.00,
E00331,G003,U009,22.00,
E00331,G003,U021,22.00,
E00332,G003,U006,22.00,
E00332,G003,U015,22.00,
E00332,G003,U013,22.00,
E00332,G003,U009,22.00,
E00332,G003,U021,22.00,
E00333,G003,U006,22.00,
E00333,G003,U015,22.00,
E00333,G003,U013,22.00,
E00333,G003,U009,22.00,
E00333,G003,U021,22.00,
E00334,G003,U006,22.00,
E00334,G003,U015,22.00,
E00334,G003,U013,22.00,
E00334,G003,U009,22.00,
E00334,G003,U021,22.00,
E00335,G003,U006,22.00,
E00335,G003,U015,22.00,
E00335,G003,U013,22.00,
E00335,G003,U009,22.00,
E00335,G003,U021,22.00,
E00336,G003,U006,22.00,
E00336,G003,U015,22.00,
E00336,G003,U013,22.00,
E00336,G003,U009,22.00,
E00336,G003,U021,22.00,
E00337,G003,U006,22.00,
E00337,G003,U015,22.00,
E00337,G003,U013,22.00,
E00337,G003,U009,22.00,
E00337,G003,U021,22.00,
E00338,G003,U006,22.00,
E00338,G003,U015,22.00,
E00338,G003,U013,22.00,
E00338,G003,U009,22.00,
E00338,G003,U021,22.00,
E00339,G003,U006,22.00,
E00339,G003,U015,22.00,
E00339,G003,U013,22.00,
E00339,G003,U009,22.00,
E00339,G003,U021,22.00,
E00340,G003,U006,22.00,
E00340,G003,U015,22.00,
E00340,G003,U013,22.00,
E00340,G003,U009,22.00,
E00340,G003,U021,22.00,
E00341,G003,U006,22.00,
E00341,G003,U015,22.00,
E00341,G003,U013,22.00,
E00341,G003,U009,22.00,
E00341,G003,U021,22.00,
E00342,G005,U002,5.25,
E00342,G005,U008,5.25,
E00342,G005,U023,5.25,
E00342,G005,U011,5.25,
E00342,G005,U013,5.25,
E00342,G005,U009,5.25,
E00342,G005,U003,5.25,
E00342,G005,U024,5.25,
E00343,G005,U002,5.25,
E00343,G005,U008,5.25,
E00343,G005,U023,5.25,
E00343,G005,U011,5.25,
E00343,G005,U013,5.25,
E00343,G005,U009,5.25,
E00343,G005,U003,5.25,
E00343,G005,U024,5.25,
E00344,G005,U002,5.25,
E00344,G005,U008,5.25,
E00344,G005,U023,5.25,
E00344,G005,U011,5.25,
E00344,G005,U013,5.25,
E00344,G005,U009,5.25,
E00344,G005,U003,5.25,
E00344,G005,U024,5.25,
E00345,G005,U002,5.25,
E00345,G005,U008,5.25,
E00345,G005,U023,5.25,
E00345,G005,U011,5.25,
E00345,G005,U013,5.25,
E00345,G005,U009,5.25,
E00345,G005,U003,5.25,
E00345,G005,U024,5.25,
E00346,G005,U002,5.25,
E00346,G005,U008,5.25,
E00346,G005,U023,5.25,
E00346,G005,U011,5.25,
E00346,G005,U013,5.25,
E00346,G005,U009,5.25,
E00346,G005,U003,5.25,
E00346,G005,U024,5.25,
E00347,G005,U002,5.25,
E00347,G005,U008,5.25,
E00347,G005,U023,5.25,
E00347,G005,U011,5.25,
E00347,G005,U013,5.25,
E00347,G005,U009,5.25,
E00347,G005,U003,5.25,
E00347,G005,U024,5.25,
E00348,G005,U002,5.25,
E00348,G005,U008,5.25,
E00348,G005,U023,5.25,
E00348,G005,U011,5.25,
E00348,G005,U013,5.25,
E00348,G005,U009,5.25,
E00348,G005,U003,5.25,
E00348,G005,U024,5.25,
E00349,G005,U002,5.25,
E00349,G005,U008,5.25,
E00349,G005,U023,5.25,
E00349,G005,U011,5.25,
E00349,G005,U013,5.25,
E00349,G005,U009,5.25,
E00349,G005,U003,5.25,
E00349,G005,U024,5.25,
E00350,G005,U002,5.25,
E00350,G005,U008,5.25,
E00350,G005,U023,5.25,
E00350,G005,U011,5.25,
E00350,G005,U013,5.25,
E00350,G005,U009,5.25,
E00350,G005,U003,5.25,
E00350,G005,U024,5.25,
E00351,G005,U002,5.25,
E00351,G005,U008,5.25,
E00351,G005,U023,5.25,
E00351,G005,U011,5.25,
E00351,G005,U013,5.25,
E00351,G005,U009,5.25,
E00351,G005,U003,5.25,
E00351,G005,U024,5.25,
E00352,G005,U002,5.25,
E00352,G005,U008,5.25,
E00352,G005,U023,5.25,
E00352,G005,U011,5.25,
E00352,G005,U013,5.25,
E00352,G005,U009,5.25,
E00352,G005,U003,5.25,
E00352,G005,U024,5.25,
E00353,G005,U002,5.25,
E00353,G005,U008,5.25,
E00353,G005,U023,5.25,
E00353,G005,U011,5.25,
E00353,G005,U013,5.25,
E00353,G005,U009,5.25,
E00353,G005,U003,5.25,
E00353,G005,U024,5.25,
E00354,G005,U002,5.25,
E00354,G005,U008,5.25,
E00354,G005,U023,5.25,
E00354,G005,U011,5.25,
E00354,G005,U013,5.25,
E00354,G005,U009,5.25,
E00354,G005,U003,5.25,
E00354,G005,U024,5.25,
E00355,G005,U002,5.25,
E00355,G005,U008,5.25,
E00355,G005,U023,5.25,
E00355,G005,U011,5.25,
E00355,G005,U013,5.25,
E00355,G005,U009,5.25,
E00355,G005,U003,5.25,
E00355,G005,U024,5.25,
E00356,G005,U002,5.25,
E00356,G005,U008,5.25,
E00356,G005,U023,5.25,
E00356,G005,U011,5.25,
E00356,G005,U013,5.25,
E00356,G005,U009,5.25,
E00356,G005,U003,5.25,
E00356,G005,U024,5.25,
E00357,G005,U002,5.25,
E00357,G005,U008,5.25,
E00357,G005,U023,5.25,
E00357,G005,U011,5.25,
E00357,G005,U013,5.25,
E00357,G005,U009,5.25,
E00357,G005,U003,5.25,
E00357,G005,U024,5.25,
E00358,G005,U002,5.25,
E00358,G005,U008,5.25,
E00358,G005,U023,5.25,
E00358,G005,U011,5.25,
E00358,G005,U013,5.25,
E00358,G005,U009,5.25,
E00358,G005,U003,5.25,
E00358,G005,U024,5.25,
E00359,G004,U023,12.00,
E00359,G004,U018,12.00,
E00359,G004,U008,12.00,
E00359,G004,U022,12.00,
E00359,G004,U011,12.00,
E00360,G004,U023,12.00,
E00360,G004,U018,12.00,
E00360,G004,U008,12.00,
E00360,G004,U022,12.00,
E00360,G004,U011,12.00,
E00361,G004,U023,12.00,
E00361,G004,U018,12.00,
E00361,G004,U008,12.00,
E00361,G004,U022,12.00,
E00361,G004,U011,12.00,
E00362,G004,U023,12.00,
E00362,G004,U018,12.00,
E00362,G004,U008,12.00,
E00362,G004,U022,12.00,
E00362,G004,U011,12.00,
