group_id,user_id,joined_date,is_creator
G001,U022,2026-01-05,True
G001,U009,2026-01-06,False
G001,U023,2026-01-07,False
G001,U021,2026-01-08,False
G002,U003,2026-02-10,True
G002,U020,2026-02-11,False
G002,U021,2026-02-12,False
G002,U006,2026-02-13,False
G002,U018,2026-02-14,False
G002,U008,2026-02-15,False
G003,U006,2026-01-12,True
G003,U015,2026-01-13,False
G003,U013,2026-01-14,False
G003,U009,2026-01-15,False
G003,U021,2026-01-16,False
G004,U023,2026-03-01,True
G004,U018,2026-03-02,False
G004,U008,2026-03-03,False
G004,U022,2026-03-04,False
G004,U011,2026-03-05,False
G005,U002,2026-02-01,True
G005,U008,2026-02-02,False
G005,U023,2026-02-03,False
G005,U011,2026-02-04,False
G005,U013,2026-02-05,False
G005,U009,2026-02-06,False
G005,U003,2026-02-07,False
G006,U007,2026-04-15,True
G006,U019,2026-04-16,False
G006,U023,2026-04-17,False
G006,U011,2026-04-18,False
G001,U024,2026-01-07,False
G005,U024,2026-02-03,False
