settlement_id,group_id,payer_id,recipient_id,amount,transaction_date,created_at
S0001,G001,U021,U009,8.96,2026-03-25,2026-03-25 19:22:37
S0002,G001,U009,U022,1432.92,2026-03-24,2026-03-24 10:27:08
S0003,G001,U009,U022,859.75,2026-04-19,2026-04-19 22:49:14
S0004,G001,U009,U023,18.83,2026-02-09,2026-02-09 16:38:56
S0005,G001,U009,U023,11.30,2026-03-25,2026-03-25 20:16:12
S0006,G001,U021,U022,1441.46,2026-02-04,2026-02-04 10:33:00
S0007,G001,U021,U022,864.87,2026-03-10,2026-03-10 13:44:51
S0008,G001,U023,U021,127.67,2026-02-27,2026-02-27 10:09:27
S0009,G001,U024,U021,31.26,2026-02-20,2026-02-20 15:54:34
S0010,G001,U024,U021,18.75,2026-03-29,2026-03-29 18:39:17
S0011,G001,U023,U022,1494.03,2026-03-01,2026-03-01 13:26:35
S0012,G001,U023,U022,896.41,2026-04-30,2026-04-30 22:11:23
S0013,G001,U024,U022,1369.48,2026-03-06,2026-03-06 15:19:36
S0014,G001,U024,U022,821.68,2026-04-07,2026-04-07 19:47:08
S0015,G001,U023,U024,5.10,2026-03-18,2026-03-18 10:47:14
S0016,G001,U023,U024,3.06,2026-04-25,2026-04-25 12:06:13
S0017,G002,U006,U003,450.43,2026-05-01,2026-05-01 17:51:35
S0018,G002,U003,U008,59.64,2026-04-24,2026-04-24 08:10:24
S0019,G002,U003,U008,35.78,2026-06-13,2026-06-13 07:51:05
S0020,G002,U003,U018,89.56,2026-04-11,2026-04-11 20:05:04
S0021,G002,U003,U018,53.73,2026-05-07,2026-05-07 14:23:05
S0022,G002,U020,U003,46.23,2026-04-27,2026-04-27 19:59:25
S0023,G002,U020,U003,27.74,2026-06-15,2026-06-15 16:45:38
S0024,G002,U006,U008,60.49,2026-03-23,2026-03-23 22:28:00
S0025,G002,U006,U008,36.29,2026-04-14,2026-04-14 16:12:02
S0026,G002,U006,U018,20.21,2026-04-13,2026-04-13 14:39:10
S0027,G002,U006,U018,12.12,2026-06-05,2026-06-05 08:23:15
S0028,G002,U020,U006,209.38,2026-03-22,2026-03-22 09:17:49
S0029,G002,U020,U006,125.63,2026-04-26,2026-04-26 18:42:25
S0030,G002,U006,U021,624.31,2026-03-24,2026-03-24 07:47:45
S0031,G002,U008,U021,477.93,2026-04-16,2026-04-16 18:22:52
S0032,G002,U020,U018,469.70,2026-04-19,2026-04-19 13:29:59
S0033,G002,U021,U018,252.15,2026-03-12,2026-03-12 15:11:26
S0034,G002,U020,U021,232.82,2026-04-16,2026-04-16 09:32:18
S0035,G003,U009,U006,3578.27,2026-02-18,2026-02-18 15:56:34
S0036,G003,U013,U006,1695.39,2026-03-19,2026-03-19 15:44:28
S0037,G003,U013,U006,1017.23,2026-04-22,2026-04-22 22:49:15
S0038,G003,U015,U006,1719.31,2026-04-01,2026-04-01 21:43:29
S0039,G003,U015,U006,1031.58,2026-05-18,2026-05-18 07:30:07
S0040,G003,U021,U006,3570.38,2026-03-07,2026-03-07 14:43:44
S0041,G003,U009,U013,137.93,2026-03-03,2026-03-03 20:22:33
S0042,G003,U009,U015,114.37,2026-03-27,2026-03-27 15:15:18
S0043,G003,U015,U013,82.87,2026-03-04,2026-03-04 09:35:59
S0044,G003,U015,U013,49.72,2026-03-25,2026-03-25 22:20:22
S0045,G003,U021,U013,39.85,2026-03-19,2026-03-19 15:11:47
S0046,G003,U021,U015,32.40,2026-02-23,2026-02-23 22:47:12
S0047,G003,U021,U015,19.44,2026-03-20,2026-03-20 14:55:16
S0048,G004,U011,U008,26.23,2026-04-12,2026-04-12 14:53:39
S0049,G004,U008,U018,642.69,2026-05-19,2026-05-19 10:07:58
S0050,G004,U008,U023,88.54,2026-05-01,2026-05-01 07:48:54
S0051,G004,U008,U023,53.12,2026-06-14,2026-06-14 08:54:30
S0052,G004,U011,U018,385.48,2026-04-20,2026-04-20 22:57:56
S0053,G004,U011,U022,42.23,2026-04-17,2026-04-17 22:11:48
S0054,G004,U011,U022,25.33,2026-05-29,2026-05-29 15:25:14
S0055,G004,U011,U023,89.67,2026-04-08,2026-04-08 08:33:51
S0056,G004,U011,U023,53.80,2026-05-15,2026-05-15 22:34:02
S0057,G004,U022,U018,546.15,2026-04-25,2026-04-25 12:29:07
S0058,G004,U023,U018,93.82,2026-04-29,2026-04-29 17:44:00
S0059,G004,U023,U018,56.29,2026-05-09,2026-05-09 13:24:37
S0060,G005,U002,U003,9.55,2026-03-19,2026-03-19 12:35:16
S0061,G005,U002,U009,95.70,2026-04-02,2026-04-02 17:23:11
S0062,G005,U002,U011,26.98,2026-03-16,2026-03-16 20:44:48
S0063,G005,U013,U002,26.36,2026-03-28,2026-03-28 15:28:11
S0064,G005,U002,U023,13.15,2026-04-08,2026-04-08 14:52:06
S0065,G005,U002,U023,7.89,2026-06-03,2026-06-03 15:51:15
S0066,G005,U002,U024,17.40,2026-03-27,2026-03-27 13:09:51
S0067,G005,U002,U024,10.44,2026-05-23,2026-05-23 11:30:51
S0068,G005,U003,U009,82.83,2026-03-11,2026-03-11 17:50:31
S0069,G005,U011,U003,64.07,2026-04-07,2026-04-07 08:25:06
S0070,G005,U013,U003,81.55,2026-03-06,2026-03-06 13:52:16
S0071,G005,U013,U003,48.93,2026-04-15,2026-04-15 10:28:47
S0072,G005,U023,U003,54.18,2026-03-26,2026-03-26 18:35:35
S0073,G005,U024,U003,4.82,2026-03-19,2026-03-19 18:01:26
S0074,G005,U024,U003,2.89,2026-04-05,2026-04-05 18:55:43
S0075,G005,U008,U009,26.75,2026-03-15,2026-03-15 12:49:18
S0076,G005,U008,U009,16.05,2026-04-16,2026-04-16 17:43:32
S0077,G005,U008,U011,55.37,2026-04-19,2026-04-19 21:56:05
S0078,G005,U008,U013,70.71,2026-03-21,2026-03-21 21:40:09
S0079,G005,U008,U023,21.64,2026-04-12,2026-04-12 17:26:40
S0080,G005,U008,U023,12.98,2026-05-31,2026-05-31 19:54:58
S0081,G005,U011,U009,310.34,2026-03-17,2026-03-17 17:20:41
S0082,G005,U013,U009,134.56,2026-03-20,2026-03-20 19:17:56
S0083,G005,U023,U009,27.35,2026-03-26,2026-03-26 21:26:10
S0084,G005,U024,U009,49.43,2026-03-04,2026-03-04 11:46:15
S0085,G005,U011,U013,48.00,2026-04-19,2026-04-19 09:13:10
S0086,G005,U011,U013,28.80,2026-05-24,2026-05-24 10:06:04
S0087,G005,U011,U023,23.68,2026-04-02,2026-04-02 08:01:49
S0088,G005,U011,U023,14.20,2026-05-07,2026-05-07 09:06:16
S0089,G005,U011,U024,27.48,2026-03-08,2026-03-08 19:19:14
S0090,G005,U011,U024,16.49,2026-04-02,2026-04-02 16:28:40
S0091,G005,U013,U024,71.07,2026-03-13,2026-03-13 07:02:42
S0092,G005,U023,U024,68.11,2026-03-23,2026-03-23 22:29:55
S0093,G006,U011,U007,951.92,2026-06-01,2026-06-01 21:08:44
S0094,G006,U019,U007,393.16,2026-06-21,2026-06-21 21:40:47
S0095,G006,U023,U007,214.85,2026-06-20,2026-06-20 20:33:40
S0096,G006,U023,U007,128.91,2026-08-09,2026-08-09 16:58:22
S0097,G006,U019,U011,337.76,2026-05-29,2026-05-29 09:28:19
S0098,G006,U011,U023,282.22,2026-05-31,2026-05-31 11:19:00
